ifcn_file,circuit,gates,edges,inputs,outputs,width,height,area,nodes,routes,node_cells,route_cells,mapped_cells,crossline_groups,crossline_segments,unique_cross_cells,input_cells,output_cells,normal_cells,fix0_cells,fix1_cells
experiments/phase_pr/full_layouts/TOY_parity_p4.ifcn,parity.v,119,148,16,1,32,46,1472,119,148,813,2782,3595,40,58,326,16,1,751,44,1
experiments/phase_pr/full_layouts/TOY_parity_p3.ifcn,parity.v,119,148,16,1,48,31,1488,119,148,841,2900,3741,40,64,342,16,1,779,44,1
experiments/phase_pr/full_layouts/IWLS93_parity_p4.ifcn,parity.v,119,148,16,1,32,46,1472,119,148,813,2782,3595,40,58,326,16,1,751,44,1
experiments/phase_pr/full_layouts/IWLS93_parity_p3.ifcn,parity.v,119,148,16,1,48,31,1488,119,148,841,2900,3741,40,64,342,16,1,779,44,1
experiments/phase_pr/full_layouts/MAJ_1bitAdderAOIG_p4.ifcn,1bitAdderAOIG.v,20,28,3,2,7,31,217,20,28,136,867,1003,13,25,137,3,2,122,7,2
experiments/phase_pr/full_layouts/MAJ_1bitAdderAOIG_p3.ifcn,1bitAdderAOIG.v,20,28,3,2,7,31,217,20,28,136,867,1003,13,25,137,3,2,122,7,2
experiments/phase_pr/full_layouts/MAJ_1bitAdderMaj_p4.ifcn,1bitAdderMaj.v,9,11,3,1,5,9,45,9,11,52,138,190,3,3,19,3,1,45,3,0
experiments/phase_pr/full_layouts/MAJ_1bitAdderMaj_p3.ifcn,1bitAdderMaj.v,9,11,3,1,5,9,45,9,11,52,138,190,3,3,19,3,1,45,3,0
experiments/phase_pr/full_layouts/MAJ_RCA2_p4.ifcn,RCA2.v,55,81,5,3,20,31,620,55,81,362,2544,2906,43,79,443,5,3,333,20,1
experiments/phase_pr/full_layouts/MAJ_RCA2_p3.ifcn,RCA2.v,55,81,5,3,20,57,1140,55,81,370,3725,4095,40,78,434,5,3,341,20,1
experiments/phase_pr/full_layouts/MAJ_clpl_p4.ifcn,clpl.v,46,61,11,5,51,48,2448,46,61,286,3484,3770,22,46,236,11,5,252,13,5
experiments/phase_pr/full_layouts/MAJ_clpl_p3.ifcn,clpl.v,46,61,11,5,22,79,1738,46,61,286,4823,5109,29,75,397,11,5,252,13,5
experiments/phase_pr/full_layouts/MAJ_mux41_p4.ifcn,mux41.v,46,67,6,1,28,111,3108,46,67,306,4697,5003,32,51,279,6,1,282,17,0
experiments/phase_pr/full_layouts/MAJ_mux41_p3.ifcn,mux41.v,46,67,6,1,21,41,861,46,67,310,1983,2293,33,51,281,6,1,286,17,0
experiments/phase_pr/full_layouts/MAJ_newtag_p4.ifcn,newtag.v,27,33,8,1,15,35,525,27,33,175,971,1146,12,21,125,8,1,156,10,0
experiments/phase_pr/full_layouts/MAJ_newtag_p3.ifcn,newtag.v,27,33,8,1,15,35,525,27,33,175,971,1146,12,21,125,8,1,156,10,0
experiments/phase_pr/full_layouts/MAJ_par_check_p4.ifcn,par_check.v,27,40,4,1,11,31,341,27,40,189,1136,1325,13,17,87,4,1,173,10,1
experiments/phase_pr/full_layouts/MAJ_par_check_p3.ifcn,par_check.v,27,40,4,1,16,21,336,27,40,189,943,1132,13,15,79,4,1,173,10,1
experiments/phase_pr/full_layouts/MAJ_par_gen_p4.ifcn,par_gen.v,25,37,3,1,16,31,496,25,37,166,1096,1262,8,11,59,3,1,153,9,0
experiments/phase_pr/full_layouts/MAJ_par_gen_p3.ifcn,par_gen.v,25,37,3,1,16,21,336,25,37,166,853,1019,13,16,106,3,1,153,9,0
experiments/phase_pr/full_layouts/MAJ_t_p4.ifcn,t.v,18,22,5,2,5,22,110,18,22,111,493,604,8,12,68,5,2,97,6,1
experiments/phase_pr/full_layouts/MAJ_t_p3.ifcn,t.v,18,22,5,2,5,22,110,18,22,111,493,604,8,12,68,5,2,97,6,1
experiments/phase_pr/full_layouts/MAJ_xnor2_p4.ifcn,xnor2.v,14,19,2,1,5,17,85,14,19,93,255,348,3,3,25,2,1,85,4,1
experiments/phase_pr/full_layouts/MAJ_xnor2_p3.ifcn,xnor2.v,14,19,2,1,9,9,81,14,19,99,215,314,2,4,22,2,1,91,4,1
experiments/phase_pr/full_layouts/MAJ_xor2_p4.ifcn,xor2.v,13,18,2,1,5,15,75,13,18,85,250,335,3,3,25,2,1,77,4,1
experiments/phase_pr/full_layouts/MAJ_xor2_p3.ifcn,xor2.v,13,18,2,1,9,8,72,13,18,91,215,306,2,4,22,2,1,83,4,1
experiments/phase_pr/full_layouts/MAJ_xor5R_p4.ifcn,xor5R.v,48,73,5,1,37,40,1480,48,73,322,2574,2896,23,28,154,5,1,298,18,0
experiments/phase_pr/full_layouts/MAJ_xor5R_p3.ifcn,xor5R.v,48,73,5,1,19,58,1102,48,73,338,2858,3196,25,46,238,5,1,314,18,0
experiments/phase_pr/full_layouts/MAJ_xor5_r1_p4.ifcn,xor5_r1.v,48,73,5,1,37,40,1480,48,73,322,2574,2896,23,28,154,5,1,298,18,0
experiments/phase_pr/full_layouts/MAJ_xor5_r1_p3.ifcn,xor5_r1.v,48,73,5,1,19,58,1102,48,73,338,2858,3196,25,46,238,5,1,314,18,0
experiments/phase_pr/full_layouts/TOY_1bitAdderAOIG_p4.ifcn,1bitAdderAOIG.v,12,16,3,2,5,13,65,12,16,84,278,362,3,4,32,3,2,72,4,3
experiments/phase_pr/full_layouts/TOY_1bitAdderAOIG_p3.ifcn,1bitAdderAOIG.v,12,16,3,2,6,9,54,12,16,80,205,285,1,2,10,3,2,68,4,3
experiments/phase_pr/full_layouts/TOY_1bitAdderMaj_p4.ifcn,1bitAdderMaj.v,23,34,3,1,9,34,306,23,34,163,1126,1289,17,20,112,3,1,145,8,6
experiments/phase_pr/full_layouts/TOY_1bitAdderMaj_p3.ifcn,1bitAdderMaj.v,23,34,3,1,7,23,161,23,34,167,835,1002,14,29,169,3,1,149,8,6
experiments/phase_pr/full_layouts/TOY_HA_p4.ifcn,HA.v,4,0,2,2,2,2,4,4,0,4,0,4,0,0,0,2,2,0,0,0
experiments/phase_pr/full_layouts/TOY_HA_p3.ifcn,HA.v,4,0,2,2,2,2,4,4,0,4,0,4,0,0,0,2,2,0,0,0
experiments/phase_pr/full_layouts/TOY_HS_p4.ifcn,HS.v,4,0,2,2,2,2,4,4,0,4,0,4,0,0,0,2,2,0,0,0
experiments/phase_pr/full_layouts/TOY_HS_p3.ifcn,HS.v,4,0,2,2,2,2,4,4,0,4,0,4,0,0,0,2,2,0,0,0
experiments/phase_pr/full_layouts/TOY_RCA2_p4.ifcn,RCA2.v,39,52,5,3,22,28,616,35,48,245,1423,1668,14,24,130,5,3,219,12,6
experiments/phase_pr/full_layouts/TOY_RCA2_p3.ifcn,RCA2.v,39,52,5,3,16,37,592,35,48,245,1807,2052,20,33,177,5,3,219,12,6
experiments/phase_pr/full_layouts/TOY_b1_r2_p4.ifcn,b1_r2.v,17,20,3,4,9,10,90,17,20,106,307,413,3,5,25,3,4,93,5,1
experiments/phase_pr/full_layouts/TOY_b1_r2_p3.ifcn,b1_r2.v,17,20,3,4,9,10,90,17,20,106,307,413,3,5,25,3,4,93,5,1
experiments/phase_pr/full_layouts/TOY_clpl_p4.ifcn,clpl.v,21,20,11,5,13,13,169,21,20,123,525,648,5,9,45,11,1,101,5,5
experiments/phase_pr/full_layouts/TOY_clpl_p3.ifcn,clpl.v,21,20,11,5,13,12,156,21,20,123,523,646,7,15,91,11,1,101,5,5
experiments/phase_pr/full_layouts/TOY_mux21_p4.ifcn,mux21.v,8,8,3,1,5,5,25,7,7,40,60,100,0,0,0,3,1,33,2,1
experiments/phase_pr/full_layouts/TOY_mux21_p3.ifcn,mux21.v,8,8,3,1,5,5,25,7,7,40,60,100,0,0,0,3,1,33,2,1
experiments/phase_pr/full_layouts/TOY_mux41_p4.ifcn,mux41.v,21,24,6,1,11,16,176,18,21,112,521,633,7,11,67,6,1,96,6,3
experiments/phase_pr/full_layouts/TOY_mux41_p3.ifcn,mux41.v,21,24,6,1,11,16,176,18,21,112,521,633,7,11,67,6,1,96,6,3
experiments/phase_pr/full_layouts/TOY_newtag_p4.ifcn,newtag.v,23,24,8,1,15,20,300,23,24,145,599,744,6,13,77,8,1,127,6,3
experiments/phase_pr/full_layouts/TOY_newtag_p3.ifcn,newtag.v,23,24,8,1,15,13,195,23,24,145,425,570,6,12,72,8,1,127,6,3
experiments/phase_pr/full_layouts/TOY_par_check_p4.ifcn,par_check.v,24,29,4,1,7,13,91,18,23,129,310,439,4,5,33,4,1,115,6,3
experiments/phase_pr/full_layouts/TOY_par_check_p3.ifcn,par_check.v,24,29,4,1,7,13,91,18,23,129,310,439,4,5,33,4,1,115,6,3
experiments/phase_pr/full_layouts/TOY_par_gen_p4.ifcn,par_gen.v,17,20,3,1,6,8,48,13,16,93,165,258,2,4,20,3,1,83,4,2
experiments/phase_pr/full_layouts/TOY_par_gen_p3.ifcn,par_gen.v,17,20,3,1,6,8,48,13,16,93,165,258,2,4,20,3,1,83,4,2
experiments/phase_pr/full_layouts/TOY_t_p4.ifcn,t.v,15,16,5,2,9,6,54,15,16,95,106,201,1,1,5,5,2,82,5,1
experiments/phase_pr/full_layouts/TOY_t_p3.ifcn,t.v,15,16,5,2,9,6,54,15,16,95,106,201,1,1,5,5,2,82,5,1
experiments/phase_pr/full_layouts/TOY_xnor2_p4.ifcn,xnor2.v,11,12,2,1,5,7,35,9,10,56,100,156,2,2,16,2,1,50,2,1
experiments/phase_pr/full_layouts/TOY_xnor2_p3.ifcn,xnor2.v,11,12,2,1,5,7,35,9,10,56,100,156,2,2,16,2,1,50,2,1
experiments/phase_pr/full_layouts/TOY_xor2_p4.ifcn,xor2.v,7,8,2,1,3,4,12,6,7,41,39,80,1,1,11,2,1,35,2,1
experiments/phase_pr/full_layouts/TOY_xor2_p3.ifcn,xor2.v,7,8,2,1,3,4,12,6,7,41,39,80,1,1,11,2,1,35,2,1
experiments/phase_pr/full_layouts/TOY_xor5_r1_p4.ifcn,xor5_r1.v,31,38,5,1,18,13,234,31,38,201,554,755,4,5,31,5,1,183,11,1
experiments/phase_pr/full_layouts/TOY_xor5_r1_p3.ifcn,xor5_r1.v,31,38,5,1,18,13,234,31,38,201,554,755,4,5,31,5,1,183,11,1
experiments/phase_pr/full_layouts/fontes18_1bitAdderAOIG_p4.ifcn,1bitAdderAOIG.v,18,22,3,2,6,17,102,18,22,132,452,584,9,17,99,3,2,120,6,1
experiments/phase_pr/full_layouts/fontes18_1bitAdderAOIG_p3.ifcn,1bitAdderAOIG.v,18,22,3,2,6,17,102,18,22,132,452,584,9,17,99,3,2,120,6,1
experiments/phase_pr/full_layouts/fontes18_1bitAdderMaj_p4.ifcn,1bitAdderMaj.v,32,43,3,1,9,33,297,32,43,207,961,1168,12,18,104,3,1,189,13,1
experiments/phase_pr/full_layouts/fontes18_1bitAdderMaj_p3.ifcn,1bitAdderMaj.v,32,43,3,1,9,33,297,32,43,207,961,1168,12,18,104,3,1,189,13,1
experiments/phase_pr/full_layouts/fontes18_2bitAdderMaj_p4.ifcn,2bitAdderMaj.v,51,70,5,2,11,38,418,51,70,345,1513,1858,24,30,184,5,2,314,22,2
experiments/phase_pr/full_layouts/fontes18_2bitAdderMaj_p3.ifcn,2bitAdderMaj.v,51,70,5,2,11,38,418,51,70,345,1513,1858,24,30,184,5,2,314,22,2
experiments/phase_pr/full_layouts/fontes18_b1_r2_p4.ifcn,b1_r2.v,17,20,3,4,9,10,90,17,20,106,307,413,3,5,25,3,4,93,5,1
experiments/phase_pr/full_layouts/fontes18_b1_r2_p3.ifcn,b1_r2.v,17,20,3,4,9,10,90,17,20,106,307,413,3,5,25,3,4,93,5,1
experiments/phase_pr/full_layouts/fontes18_c17_p4.ifcn,c17.v,12,13,5,2,5,9,45,12,13,77,181,258,2,3,21,5,2,64,4,2
experiments/phase_pr/full_layouts/fontes18_c17_p3.ifcn,c17.v,12,13,5,2,5,9,45,12,13,77,181,258,2,3,21,5,2,64,4,2
experiments/phase_pr/full_layouts/fontes18_clpl_p4.ifcn,clpl.v,21,20,11,5,13,13,169,21,20,123,525,648,5,9,45,11,1,101,5,5
experiments/phase_pr/full_layouts/fontes18_clpl_p3.ifcn,clpl.v,21,20,11,5,13,12,156,21,20,123,523,646,7,15,91,11,1,101,5,5
experiments/phase_pr/full_layouts/fontes18_cm82a_5_p4.ifcn,cm82a_5.v,49,64,5,3,18,57,1026,49,64,333,3054,3387,29,47,257,5,3,305,18,2
experiments/phase_pr/full_layouts/fontes18_cm82a_5_p3.ifcn,cm82a_5.v,49,64,5,3,17,47,799,49,64,333,2617,2950,28,46,266,5,3,305,18,2
experiments/phase_pr/full_layouts/fontes18_majority_p4.ifcn,majority.v,22,25,5,1,9,19,171,22,25,143,462,605,4,6,34,5,1,129,7,1
experiments/phase_pr/full_layouts/fontes18_majority_p3.ifcn,majority.v,22,25,5,1,13,12,156,22,25,139,419,558,5,6,36,5,1,125,7,1
experiments/phase_pr/full_layouts/fontes18_majority_5_r1_p4.ifcn,majority_5_r1.v,22,25,5,1,10,13,130,22,25,139,371,510,2,5,29,5,1,125,7,1
experiments/phase_pr/full_layouts/fontes18_majority_5_r1_p3.ifcn,majority_5_r1.v,22,25,5,1,9,13,117,22,25,147,340,487,8,8,54,5,1,133,7,1
experiments/phase_pr/full_layouts/fontes18_newtag_p4.ifcn,newtag.v,25,26,8,1,15,17,255,25,26,157,515,672,9,12,64,8,1,139,8,1
experiments/phase_pr/full_layouts/fontes18_newtag_p3.ifcn,newtag.v,25,26,8,1,15,17,255,25,26,157,515,672,9,12,64,8,1,139,8,1
experiments/phase_pr/full_layouts/fontes18_parity_p4.ifcn,parity.v,119,148,16,1,32,46,1472,119,148,813,2782,3595,40,58,326,16,1,751,44,1
experiments/phase_pr/full_layouts/fontes18_parity_p3.ifcn,parity.v,119,148,16,1,48,31,1488,119,148,841,2900,3741,40,64,342,16,1,779,44,1
experiments/phase_pr/full_layouts/fontes18_t_p4.ifcn,t.v,15,16,5,2,9,6,54,15,16,95,106,201,1,1,5,5,2,82,5,1
experiments/phase_pr/full_layouts/fontes18_t_p3.ifcn,t.v,15,16,5,2,9,6,54,15,16,95,106,201,1,1,5,5,2,82,5,1
experiments/phase_pr/full_layouts/fontes18_t_5_p4.ifcn,t_5.v,15,16,5,2,9,7,63,15,16,99,162,261,2,3,15,5,2,86,5,1
experiments/phase_pr/full_layouts/fontes18_t_5_p3.ifcn,t_5.v,15,16,5,2,9,7,63,15,16,95,181,276,4,5,31,5,2,82,5,1
experiments/phase_pr/full_layouts/fontes18_xor_p4.ifcn,xor.v,7,8,2,1,6,4,24,7,8,45,99,144,2,2,12,2,1,39,2,1
experiments/phase_pr/full_layouts/fontes18_xor_p3.ifcn,xor.v,7,8,2,1,6,4,24,7,8,45,99,144,2,2,12,2,1,39,2,1
experiments/phase_pr/full_layouts/fontes18_xor5Maj_p4.ifcn,xor5Maj.v,73,98,5,1,28,116,3248,73,98,507,5573,6080,28,51,279,5,1,471,29,1
experiments/phase_pr/full_layouts/fontes18_xor5Maj_p3.ifcn,xor5Maj.v,73,98,5,1,20,70,1400,73,98,503,3532,4035,32,53,295,5,1,467,29,1
experiments/phase_pr/full_layouts/fontes18_xor5_r1_p4.ifcn,xor5_r1.v,31,38,5,1,18,13,234,31,38,201,554,755,4,5,31,5,1,183,11,1
experiments/phase_pr/full_layouts/fontes18_xor5_r1_p3.ifcn,xor5_r1.v,31,38,5,1,18,13,234,31,38,201,554,755,4,5,31,5,1,183,11,1
