suite,file,circuit,phase,success,failure,gates,inputs,outputs,edges,attempts_limit,attempts_evaluated,route_fail,phase_fail,exception_fail,success_candidates,best_attempt,x_spacing,y_spacing,search_cost,width,height,area,route_length,total_adjacent,repeated_adjacent,repeat_ratio,max_run,runtime_s,block_size,padded_width,padded_height,padded_cells,padding_cells,phase_cells,tile_count,hex_chars,packed_bytes,packed_line_chars,legacy_coord_chars,packed_line_ratio,packed_bits_per_layout_cell,packed_bits_per_padded_cell,codec_roundtrip,codec_mismatches,ifcn_file,layout_tex_file
TOY,TOY/parity.v,parity.v,4,yes,,119,16,1,148,320,56,48,0,0,8,43,2,3,90.0,32,46,1472,902,754,198,0.262599,10,4.473536,4,32,48,1536,64,554,96,768,384,2128,5738,0.370861,2.086957,2.000000,yes,0,experiments/phase_pr/full_layouts/TOY_parity_p4.ifcn,experiments/phase_pr/full_layouts/TOY_parity_p4_layout.tex
TOY,TOY/parity.v,parity.v,3,yes,,119,16,1,148,320,56,48,0,0,8,46,3,2,150.0,48,31,1488,893,745,203,0.272483,4,4.972809,3,48,33,1584,96,595,176,1056,528,3602,6113,0.589236,2.838710,2.666667,yes,0,experiments/phase_pr/full_layouts/TOY_parity_p3.ifcn,experiments/phase_pr/full_layouts/TOY_parity_p3_layout.tex
IWLS93,tests/benchmarks_f/IWLS93/parity.v,parity.v,4,yes,,119,16,1,148,320,56,48,0,0,8,43,2,3,90.0,32,46,1472,902,754,198,0.262599,10,5.101048,4,32,48,1536,64,554,96,768,384,2128,5738,0.370861,2.086957,2.000000,yes,0,experiments/phase_pr/full_layouts/IWLS93_parity_p4.ifcn,experiments/phase_pr/full_layouts/IWLS93_parity_p4_layout.tex
IWLS93,tests/benchmarks_f/IWLS93/parity.v,parity.v,3,yes,,119,16,1,148,320,56,48,0,0,8,46,3,2,150.0,48,31,1488,893,745,197,0.264430,5,5.606192,3,48,33,1584,96,595,176,1056,528,3602,6113,0.589236,2.838710,2.666667,yes,0,experiments/phase_pr/full_layouts/IWLS93_parity_p3.ifcn,experiments/phase_pr/full_layouts/IWLS93_parity_p3_layout.tex
MAJ,tests/benchmarks_f/MAJ/1bitAdderAOIG.v,1bitAdderAOIG.v,4,yes,,20,3,2,28,320,87,27,0,0,60,82,3,3,90.0,7,31,217,255,227,49,0.215859,4,3.911256,4,8,32,256,39,138,16,128,64,352,1326,0.265460,2.359447,2.000000,yes,0,experiments/phase_pr/full_layouts/MAJ_1bitAdderAOIG_p4.ifcn,experiments/phase_pr/full_layouts/MAJ_1bitAdderAOIG_p4_layout.tex
MAJ,tests/benchmarks_f/MAJ/1bitAdderAOIG.v,1bitAdderAOIG.v,3,yes,,20,3,2,28,320,83,26,0,0,57,82,3,3,90.0,7,31,217,255,227,49,0.215859,4,4.924644,3,9,33,297,80,138,33,198,99,663,1326,0.500000,3.649770,2.666667,yes,0,experiments/phase_pr/full_layouts/MAJ_1bitAdderAOIG_p3.ifcn,experiments/phase_pr/full_layouts/MAJ_1bitAdderAOIG_p3_layout.tex
MAJ,tests/benchmarks_f/MAJ/1bitAdderMaj.v,1bitAdderMaj.v,4,yes,,9,3,1,11,320,28,8,0,0,20,22,2,2,90.0,5,9,45,55,44,10,0.227273,3,0.743984,4,8,12,96,51,30,6,48,24,132,270,0.488889,4.266667,2.000000,yes,0,experiments/phase_pr/full_layouts/MAJ_1bitAdderMaj_p4.ifcn,experiments/phase_pr/full_layouts/MAJ_1bitAdderMaj_p4_layout.tex
MAJ,tests/benchmarks_f/MAJ/1bitAdderMaj.v,1bitAdderMaj.v,3,yes,,9,3,1,11,320,28,8,0,0,20,22,2,2,90.0,5,9,45,55,44,6,0.136364,2,0.873611,3,6,9,54,9,30,6,36,18,120,270,0.444444,3.200000,2.666667,yes,0,experiments/phase_pr/full_layouts/MAJ_1bitAdderMaj_p3.ifcn,experiments/phase_pr/full_layouts/MAJ_1bitAdderMaj_p3_layout.tex
MAJ,tests/benchmarks_f/MAJ/RCA2.v,RCA2.v,4,yes,,55,5,3,81,320,320,138,0,0,182,46,3,2,150.0,20,31,620,741,660,640,0.969697,26,19.497590,4,20,32,640,20,409,40,320,160,880,4108,0.214216,2.064516,2.000000,yes,0,experiments/phase_pr/full_layouts/MAJ_RCA2_p4.ifcn,experiments/phase_pr/full_layouts/MAJ_RCA2_p4_layout.tex
MAJ,tests/benchmarks_f/MAJ/RCA2.v,RCA2.v,3,yes,,55,5,3,81,320,130,100,0,0,30,119,3,4,150.0,20,57,1140,1035,954,225,0.235849,5,7.065874,3,21,57,1197,57,642,133,798,399,2723,6541,0.416297,2.800000,2.666667,yes,0,experiments/phase_pr/full_layouts/MAJ_RCA2_p3.ifcn,experiments/phase_pr/full_layouts/MAJ_RCA2_p3_layout.tex
MAJ,tests/benchmarks_f/MAJ/clpl.v,clpl.v,4,yes,,46,11,5,61,320,320,142,0,0,178,155,5,3,150.0,51,48,2448,901,840,307,0.365476,12,27.444433,4,52,48,2496,48,670,156,1248,624,3494,7127,0.490248,2.039216,2.000000,yes,0,experiments/phase_pr/full_layouts/MAJ_clpl_p4.ifcn,experiments/phase_pr/full_layouts/MAJ_clpl_p4_layout.tex
MAJ,tests/benchmarks_f/MAJ/clpl.v,clpl.v,3,yes,,46,11,5,61,320,104,89,0,0,15,96,2,5,150.0,22,79,1738,1169,1108,229,0.206679,8,6.926210,3,24,81,1944,206,880,216,1296,648,4456,9088,0.490317,2.982739,2.666667,yes,0,experiments/phase_pr/full_layouts/MAJ_clpl_p3.ifcn,experiments/phase_pr/full_layouts/MAJ_clpl_p3_layout.tex
MAJ,tests/benchmarks_f/MAJ/mux41.v,mux41.v,4,yes,,46,6,1,67,320,283,112,0,0,171,279,3,11,90.0,28,111,3108,1271,1204,196,0.162791,8,15.860625,4,28,112,3136,28,846,196,1568,784,4438,8945,0.496143,2.018018,2.000000,yes,0,experiments/phase_pr/full_layouts/MAJ_mux41_p4.ifcn,experiments/phase_pr/full_layouts/MAJ_mux41_p4_layout.tex
MAJ,tests/benchmarks_f/MAJ/mux41.v,mux41.v,3,yes,,46,6,1,67,320,80,67,0,0,13,67,2,4,90.0,21,41,861,610,543,152,0.279926,7,6.461400,3,21,42,882,21,325,98,588,294,1988,3307,0.601149,2.731707,2.666667,yes,0,experiments/phase_pr/full_layouts/MAJ_mux41_p3.ifcn,experiments/phase_pr/full_layouts/MAJ_mux41_p3_layout.tex
MAJ,tests/benchmarks_f/MAJ/newtag.v,newtag.v,4,yes,,27,8,1,33,320,53,44,0,0,9,47,2,3,150.0,15,35,525,274,241,52,0.215768,5,1.538757,4,16,36,576,51,180,36,288,144,792,1739,0.455434,2.194286,2.000000,yes,0,experiments/phase_pr/full_layouts/MAJ_newtag_p4.ifcn,experiments/phase_pr/full_layouts/MAJ_newtag_p4_layout.tex
MAJ,tests/benchmarks_f/MAJ/newtag.v,newtag.v,3,yes,,27,8,1,33,320,53,44,0,0,9,47,2,3,150.0,15,35,525,274,241,53,0.219917,5,1.772598,3,15,36,540,15,180,60,360,180,1210,1739,0.695802,2.742857,2.666667,yes,0,experiments/phase_pr/full_layouts/MAJ_newtag_p3.ifcn,experiments/phase_pr/full_layouts/MAJ_newtag_p3_layout.tex
MAJ,tests/benchmarks_f/MAJ/par_check.v,par_check.v,4,yes,,27,4,1,40,320,53,41,0,0,12,47,2,3,150.0,11,31,341,348,308,71,0.230519,6,1.945049,4,12,32,384,43,221,24,192,96,528,2121,0.248939,2.252199,2.000000,yes,0,experiments/phase_pr/full_layouts/MAJ_par_check_p4.ifcn,experiments/phase_pr/full_layouts/MAJ_par_check_p4_layout.tex
MAJ,tests/benchmarks_f/MAJ/par_check.v,par_check.v,3,yes,,27,4,1,40,320,47,38,0,0,9,46,3,2,150.0,16,21,336,296,256,53,0.207031,6,2.144467,3,18,21,378,42,186,42,252,126,840,1788,0.469799,3.000000,2.666667,yes,0,experiments/phase_pr/full_layouts/MAJ_par_check_p3.ifcn,experiments/phase_pr/full_layouts/MAJ_par_check_p3_layout.tex
MAJ,tests/benchmarks_f/MAJ/par_gen.v,par_gen.v,4,yes,,25,3,1,37,320,86,61,0,0,25,84,3,3,150.0,16,31,496,329,292,47,0.160959,5,3.385779,4,16,32,512,16,223,32,256,128,704,2178,0.323232,2.064516,2.000000,yes,0,experiments/phase_pr/full_layouts/MAJ_par_gen_p4.ifcn,experiments/phase_pr/full_layouts/MAJ_par_gen_p4_layout.tex
MAJ,tests/benchmarks_f/MAJ/par_gen.v,par_gen.v,3,yes,,25,3,1,37,320,45,38,0,0,7,42,3,2,90.0,16,21,336,266,229,40,0.174672,5,1.588208,3,18,21,378,42,156,42,252,126,840,1497,0.561122,3.000000,2.666667,yes,0,experiments/phase_pr/full_layouts/MAJ_par_gen_p3.ifcn,experiments/phase_pr/full_layouts/MAJ_par_gen_p3_layout.tex
MAJ,tests/benchmarks_f/MAJ/t.v,t.v,4,yes,,18,5,2,22,320,20,9,0,0,11,14,1,3,90.0,5,22,110,164,142,26,0.183099,4,0.769991,4,8,24,192,82,88,12,96,48,264,838,0.315036,3.490909,2.000000,yes,0,experiments/phase_pr/full_layouts/MAJ_t_p4.ifcn,experiments/phase_pr/full_layouts/MAJ_t_p4_layout.tex
MAJ,tests/benchmarks_f/MAJ/t.v,t.v,3,yes,,18,5,2,22,320,20,9,0,0,11,14,1,3,90.0,5,22,110,164,142,26,0.183099,4,0.704026,3,6,24,144,34,88,16,96,48,320,838,0.381862,3.490909,2.666667,yes,0,experiments/phase_pr/full_layouts/MAJ_t_p3.ifcn,experiments/phase_pr/full_layouts/MAJ_t_p3_layout.tex
MAJ,tests/benchmarks_f/MAJ/xnor2.v,xnor2.v,4,yes,,14,2,1,19,320,28,16,0,0,12,22,2,2,90.0,5,17,85,95,76,20,0.263158,3,1.662668,4,8,20,160,75,53,10,80,40,220,488,0.450820,3.764706,2.000000,yes,0,experiments/phase_pr/full_layouts/MAJ_xnor2_p4.ifcn,experiments/phase_pr/full_layouts/MAJ_xnor2_p4_layout.tex
MAJ,tests/benchmarks_f/MAJ/xnor2.v,xnor2.v,3,yes,,14,2,1,19,320,24,16,0,0,8,21,4,1,90.0,9,9,81,87,68,17,0.250000,4,1.694769,3,9,9,81,0,46,9,54,27,180,414,0.434783,2.666667,2.666667,yes,0,experiments/phase_pr/full_layouts/MAJ_xnor2_p3.ifcn,experiments/phase_pr/full_layouts/MAJ_xnor2_p3_layout.tex
MAJ,tests/benchmarks_f/MAJ/xor2.v,xor2.v,4,yes,,13,2,1,18,320,28,16,0,0,12,22,2,2,90.0,5,15,75,92,74,20,0.270270,3,1.545550,4,8,16,128,53,51,8,64,32,176,468,0.376068,3.413333,2.000000,yes,0,experiments/phase_pr/full_layouts/MAJ_xor2_p4.ifcn,experiments/phase_pr/full_layouts/MAJ_xor2_p4_layout.tex
MAJ,tests/benchmarks_f/MAJ/xor2.v,xor2.v,3,yes,,13,2,1,18,320,24,16,0,0,8,21,4,1,90.0,9,8,72,85,67,16,0.238806,4,1.558731,3,9,9,81,9,45,9,54,27,180,405,0.444444,3.000000,2.666667,yes,0,experiments/phase_pr/full_layouts/MAJ_xor2_p3.ifcn,experiments/phase_pr/full_layouts/MAJ_xor2_p3_layout.tex
MAJ,tests/benchmarks_f/MAJ/xor5R.v,xor5R.v,4,yes,,48,5,1,73,320,320,139,0,0,181,70,4,2,150.0,37,40,1480,801,728,330,0.453297,15,50.830282,4,40,40,1600,120,504,100,800,400,2200,5267,0.417695,2.162162,2.000000,yes,0,experiments/phase_pr/full_layouts/MAJ_xor5R_p4.ifcn,experiments/phase_pr/full_layouts/MAJ_xor5R_p4_layout.tex
MAJ,tests/benchmarks_f/MAJ/xor5R.v,xor5R.v,3,yes,,48,5,1,73,320,53,43,0,0,10,47,2,3,150.0,19,58,1102,887,814,195,0.239558,7,5.863510,3,21,60,1260,158,538,140,840,420,2870,5393,0.532171,3.049002,2.666667,yes,0,experiments/phase_pr/full_layouts/MAJ_xor5R_p3.ifcn,experiments/phase_pr/full_layouts/MAJ_xor5R_p3_layout.tex
MAJ,tests/benchmarks_f/MAJ/xor5_r1.v,xor5_r1.v,4,yes,,48,5,1,73,320,320,139,0,0,181,70,4,2,150.0,37,40,1480,801,728,330,0.453297,15,48.468840,4,40,40,1600,120,504,100,800,400,2200,5267,0.417695,2.162162,2.000000,yes,0,experiments/phase_pr/full_layouts/MAJ_xor5_r1_p4.ifcn,experiments/phase_pr/full_layouts/MAJ_xor5_r1_p4_layout.tex
MAJ,tests/benchmarks_f/MAJ/xor5_r1.v,xor5_r1.v,3,yes,,48,5,1,73,320,53,43,0,0,10,47,2,3,150.0,19,58,1102,887,814,195,0.239558,7,5.745980,3,21,60,1260,158,538,140,840,420,2870,5393,0.532171,3.049002,2.666667,yes,0,experiments/phase_pr/full_layouts/MAJ_xor5_r1_p3.ifcn,experiments/phase_pr/full_layouts/MAJ_xor5_r1_p3_layout.tex
TOY,tests/benchmarks_f/TOY/1bitAdderAOIG.v,1bitAdderAOIG.v,4,yes,,12,3,2,16,320,29,4,0,0,25,25,2,2,150.0,5,13,65,98,82,20,0.243902,3,0.849373,4,8,16,128,63,55,8,64,32,176,507,0.347140,3.938462,2.000000,yes,0,experiments/phase_pr/full_layouts/TOY_1bitAdderAOIG_p4.ifcn,experiments/phase_pr/full_layouts/TOY_1bitAdderAOIG_p4_layout.tex
TOY,tests/benchmarks_f/TOY/1bitAdderAOIG.v,1bitAdderAOIG.v,3,yes,,12,3,2,16,320,16,4,0,0,12,7,2,1,150.0,6,9,54,79,63,14,0.222222,3,0.607534,3,6,9,54,0,44,6,36,18,120,396,0.303030,2.666667,2.666667,yes,0,experiments/phase_pr/full_layouts/TOY_1bitAdderAOIG_p3.ifcn,experiments/phase_pr/full_layouts/TOY_1bitAdderAOIG_p3_layout.tex
TOY,tests/benchmarks_f/TOY/1bitAdderMaj.v,1bitAdderMaj.v,4,yes,,23,3,1,34,320,68,38,0,0,30,47,2,3,150.0,9,34,306,332,298,74,0.248322,5,3.321160,4,12,36,432,126,206,27,216,108,594,1994,0.297894,2.823529,2.000000,yes,0,experiments/phase_pr/full_layouts/TOY_1bitAdderMaj_p4.ifcn,experiments/phase_pr/full_layouts/TOY_1bitAdderMaj_p4_layout.tex
TOY,tests/benchmarks_f/TOY/1bitAdderMaj.v,1bitAdderMaj.v,3,yes,,23,3,1,34,320,28,21,0,0,7,22,2,2,90.0,7,23,161,247,213,60,0.281690,5,1.835332,3,9,24,216,55,122,24,144,72,480,1157,0.414866,3.577640,2.666667,yes,0,experiments/phase_pr/full_layouts/TOY_1bitAdderMaj_p3.ifcn,experiments/phase_pr/full_layouts/TOY_1bitAdderMaj_p3_layout.tex
TOY,tests/benchmarks_f/TOY/FA.v,,4,no,Invalid vertex name provided for edge creation: x^y -> w2,0,0,0,0,320,0,0,0,0,0,-1,0,0,0.0,0,0,0,0,0,0,0.000000,0,0.003906,0,0,0,0,0,0,0,0,0,0,0,0.000000,0.000000,0.000000,no,0,,
TOY,tests/benchmarks_f/TOY/FA.v,,3,no,Invalid vertex name provided for edge creation: x^y -> w2,0,0,0,0,320,0,0,0,0,0,-1,0,0,0.0,0,0,0,0,0,0,0.000000,0,0.000063,0,0,0,0,0,0,0,0,0,0,0,0.000000,0.000000,0.000000,no,0,,
TOY,tests/benchmarks_f/TOY/FS.v,,4,no,Invalid vertex name provided for edge creation: x^y -> w1,0,0,0,0,320,0,0,0,0,0,-1,0,0,0.0,0,0,0,0,0,0,0.000000,0,0.000716,0,0,0,0,0,0,0,0,0,0,0,0.000000,0.000000,0.000000,no,0,,
TOY,tests/benchmarks_f/TOY/FS.v,,3,no,Invalid vertex name provided for edge creation: x^y -> w1,0,0,0,0,320,0,0,0,0,0,-1,0,0,0.0,0,0,0,0,0,0,0.000000,0,0.000027,0,0,0,0,0,0,0,0,0,0,0,0.000000,0.000000,0.000000,no,0,,
TOY,tests/benchmarks_f/TOY/HA.v,HA.v,4,yes,,4,2,2,0,320,4,0,0,0,4,1,1,1,90.0,2,2,4,0,0,0,0.000000,1,0.002301,4,4,4,16,12,0,1,8,4,22,0,0.000000,8.000000,2.000000,yes,0,experiments/phase_pr/full_layouts/TOY_HA_p4.ifcn,experiments/phase_pr/full_layouts/TOY_HA_p4_layout.tex
TOY,tests/benchmarks_f/TOY/HA.v,HA.v,3,yes,,4,2,2,0,320,4,0,0,0,4,1,1,1,90.0,2,2,4,0,0,0,0.000000,1,0.000784,3,3,3,9,5,0,1,6,3,20,0,0.000000,6.000000,2.666667,yes,0,experiments/phase_pr/full_layouts/TOY_HA_p3.ifcn,experiments/phase_pr/full_layouts/TOY_HA_p3_layout.tex
TOY,tests/benchmarks_f/TOY/HS.v,HS.v,4,yes,,4,2,2,0,320,4,0,0,0,4,1,1,1,90.0,2,2,4,0,0,0,0.000000,1,0.001821,4,4,4,16,12,0,1,8,4,22,0,0.000000,8.000000,2.000000,yes,0,experiments/phase_pr/full_layouts/TOY_HS_p4.ifcn,experiments/phase_pr/full_layouts/TOY_HS_p4_layout.tex
TOY,tests/benchmarks_f/TOY/HS.v,HS.v,3,yes,,4,2,2,0,320,4,0,0,0,4,1,1,1,90.0,2,2,4,0,0,0,0.000000,1,0.000773,3,3,3,9,5,0,1,6,3,20,0,0.000000,6.000000,2.666667,yes,0,experiments/phase_pr/full_layouts/TOY_HS_p3.ifcn,experiments/phase_pr/full_layouts/TOY_HS_p3_layout.tex
TOY,tests/benchmarks_f/TOY/RCA2.v,RCA2.v,4,yes,,39,5,3,52,320,85,61,0,0,24,82,3,3,90.0,22,28,616,434,386,111,0.287565,5,5.032640,4,24,28,672,56,255,42,336,168,924,2559,0.361079,2.181818,2.000000,yes,0,experiments/phase_pr/full_layouts/TOY_RCA2_p4.ifcn,experiments/phase_pr/full_layouts/TOY_RCA2_p4_layout.tex
TOY,tests/benchmarks_f/TOY/RCA2.v,RCA2.v,3,yes,,39,5,3,52,320,80,60,0,0,20,71,2,4,150.0,16,37,592,530,482,114,0.236515,6,5.686947,3,18,39,702,110,339,78,468,234,1578,3376,0.467417,3.162162,2.666667,yes,0,experiments/phase_pr/full_layouts/TOY_RCA2_p3.ifcn,experiments/phase_pr/full_layouts/TOY_RCA2_p3_layout.tex
TOY,tests/benchmarks_f/TOY/b1_r2.v,b1_r2.v,4,yes,,17,3,4,20,320,32,18,0,0,14,25,2,2,150.0,9,10,90,111,91,25,0.274725,5,1.012911,4,12,12,144,54,66,9,72,36,198,594,0.333333,3.200000,2.000000,yes,0,experiments/phase_pr/full_layouts/TOY_b1_r2_p4.ifcn,experiments/phase_pr/full_layouts/TOY_b1_r2_p4_layout.tex
TOY,tests/benchmarks_f/TOY/b1_r2.v,b1_r2.v,3,yes,,17,3,4,20,320,32,18,0,0,14,25,2,2,150.0,9,10,90,111,91,26,0.285714,3,1.091508,3,9,12,108,18,66,12,72,36,240,594,0.404040,3.200000,2.666667,yes,0,experiments/phase_pr/full_layouts/TOY_b1_r2_p3.ifcn,experiments/phase_pr/full_layouts/TOY_b1_r2_p3_layout.tex
TOY,tests/benchmarks_f/TOY/clpl.v,clpl.v,4,yes,,21,11,5,20,320,4,0,0,0,4,2,1,1,150.0,13,13,169,145,125,0,0.000000,1,0.502608,4,16,16,256,87,117,16,128,64,352,1098,0.320583,3.029586,2.000000,yes,0,experiments/phase_pr/full_layouts/TOY_clpl_p4.ifcn,experiments/phase_pr/full_layouts/TOY_clpl_p4_layout.tex
TOY,tests/benchmarks_f/TOY/clpl.v,clpl.v,3,yes,,21,11,5,20,320,4,0,0,0,4,1,1,1,90.0,13,12,156,143,123,27,0.219512,7,0.593163,3,15,12,180,24,96,20,120,60,400,885,0.451977,3.076923,2.666667,yes,0,experiments/phase_pr/full_layouts/TOY_clpl_p3.ifcn,experiments/phase_pr/full_layouts/TOY_clpl_p3_layout.tex
TOY,tests/benchmarks_f/TOY/mux21.v,mux21.v,4,yes,,8,3,1,8,320,12,4,0,0,8,5,2,1,90.0,5,5,25,27,20,0,0.000000,1,0.357184,4,8,8,64,39,19,4,32,16,88,171,0.514620,5.120000,2.000000,yes,0,experiments/phase_pr/full_layouts/TOY_mux21_p4.ifcn,experiments/phase_pr/full_layouts/TOY_mux21_p4_layout.tex
TOY,tests/benchmarks_f/TOY/mux21.v,mux21.v,3,yes,,8,3,1,8,320,12,4,0,0,8,5,2,1,90.0,5,5,25,27,20,2,0.100000,2,0.304327,3,6,6,36,11,19,4,24,12,80,171,0.467836,3.840000,2.666667,yes,0,experiments/phase_pr/full_layouts/TOY_mux21_p3.ifcn,experiments/phase_pr/full_layouts/TOY_mux21_p3_layout.tex
TOY,tests/benchmarks_f/TOY/mux41.v,mux41.v,4,yes,,21,6,1,24,320,49,25,0,0,24,43,2,3,90.0,11,16,176,153,132,30,0.227273,4,1.493056,4,12,16,192,16,98,12,96,48,264,905,0.291713,2.181818,2.000000,yes,0,experiments/phase_pr/full_layouts/TOY_mux41_p4.ifcn,experiments/phase_pr/full_layouts/TOY_mux41_p4_layout.tex
TOY,tests/benchmarks_f/TOY/mux41.v,mux41.v,3,yes,,21,6,1,24,320,49,25,0,0,24,43,2,3,90.0,11,16,176,153,132,29,0.219697,3,2.080607,3,12,18,216,40,98,24,144,72,480,905,0.530387,3.272727,2.666667,yes,0,experiments/phase_pr/full_layouts/TOY_mux41_p3.ifcn,experiments/phase_pr/full_layouts/TOY_mux41_p3_layout.tex
TOY,tests/benchmarks_f/TOY/newtag.v,newtag.v,4,yes,,23,8,1,24,320,54,29,0,0,25,47,2,3,150.0,15,20,300,172,148,37,0.250000,5,1.455811,4,16,20,320,20,122,20,160,80,440,1153,0.381613,2.133333,2.000000,yes,0,experiments/phase_pr/full_layouts/TOY_newtag_p4.ifcn,experiments/phase_pr/full_layouts/TOY_newtag_p4_layout.tex
TOY,tests/benchmarks_f/TOY/newtag.v,newtag.v,3,yes,,23,8,1,24,320,25,17,0,0,8,25,2,2,150.0,15,13,195,134,110,21,0.190909,4,0.978546,3,15,15,225,30,90,25,150,75,500,833,0.600240,3.076923,2.666667,yes,0,experiments/phase_pr/full_layouts/TOY_newtag_p3.ifcn,experiments/phase_pr/full_layouts/TOY_newtag_p3_layout.tex
TOY,tests/benchmarks_f/TOY/par_check.v,par_check.v,4,yes,,24,4,1,29,320,28,13,0,0,15,22,2,2,90.0,7,13,91,116,93,16,0.172043,3,1.264045,4,8,16,128,37,65,8,64,32,176,594,0.296296,2.813187,2.000000,yes,0,experiments/phase_pr/full_layouts/TOY_par_check_p4.ifcn,experiments/phase_pr/full_layouts/TOY_par_check_p4_layout.tex
TOY,tests/benchmarks_f/TOY/par_check.v,par_check.v,3,yes,,24,4,1,29,320,28,13,0,0,15,22,2,2,90.0,7,13,91,116,93,14,0.150538,2,1.290508,3,9,15,135,44,65,15,90,45,300,594,0.505051,3.956044,2.666667,yes,0,experiments/phase_pr/full_layouts/TOY_par_check_p3.ifcn,experiments/phase_pr/full_layouts/TOY_par_check_p3_layout.tex
TOY,tests/benchmarks_f/TOY/par_gen.v,par_gen.v,4,yes,,17,3,1,20,320,12,5,0,0,7,5,2,1,90.0,6,8,48,66,50,13,0.260000,3,0.437917,4,8,8,64,16,39,4,32,16,88,351,0.250712,2.666667,2.000000,yes,0,experiments/phase_pr/full_layouts/TOY_par_gen_p4.ifcn,experiments/phase_pr/full_layouts/TOY_par_gen_p4_layout.tex
TOY,tests/benchmarks_f/TOY/par_gen.v,par_gen.v,3,yes,,17,3,1,20,320,12,5,0,0,7,5,2,1,90.0,6,8,48,66,50,14,0.280000,3,0.475481,3,6,9,54,6,39,6,36,18,120,351,0.341880,3.000000,2.666667,yes,0,experiments/phase_pr/full_layouts/TOY_par_gen_p3.ifcn,experiments/phase_pr/full_layouts/TOY_par_gen_p3_layout.tex
TOY,tests/benchmarks_f/TOY/t.v,t.v,4,yes,,15,5,2,16,320,12,8,0,0,4,5,2,1,90.0,9,6,54,54,38,9,0.236842,3,0.779991,4,12,8,96,42,33,6,48,24,132,297,0.444444,3.555556,2.000000,yes,0,experiments/phase_pr/full_layouts/TOY_t_p4.ifcn,experiments/phase_pr/full_layouts/TOY_t_p4_layout.tex
TOY,tests/benchmarks_f/TOY/t.v,t.v,3,yes,,15,5,2,16,320,12,8,0,0,4,5,2,1,90.0,9,6,54,54,38,10,0.263158,3,0.731897,3,9,6,54,0,33,6,36,18,120,297,0.404040,2.666667,2.666667,yes,0,experiments/phase_pr/full_layouts/TOY_t_p3.ifcn,experiments/phase_pr/full_layouts/TOY_t_p3_layout.tex
TOY,tests/benchmarks_f/TOY/xnor2.v,xnor2.v,4,yes,,11,2,1,12,320,28,4,0,0,24,5,2,1,90.0,5,7,35,40,30,5,0.166667,2,0.632870,4,8,8,64,29,25,4,32,16,88,225,0.391111,3.657143,2.000000,yes,0,experiments/phase_pr/full_layouts/TOY_xnor2_p4.ifcn,experiments/phase_pr/full_layouts/TOY_xnor2_p4_layout.tex
TOY,tests/benchmarks_f/TOY/xnor2.v,xnor2.v,3,yes,,11,2,1,12,320,28,4,0,0,24,5,2,1,90.0,5,7,35,40,30,4,0.133333,2,0.707428,3,6,9,54,19,25,6,36,18,120,225,0.533333,4.114286,2.666667,yes,0,experiments/phase_pr/full_layouts/TOY_xnor2_p3.ifcn,experiments/phase_pr/full_layouts/TOY_xnor2_p3_layout.tex
TOY,tests/benchmarks_f/TOY/xor2.v,xor2.v,4,yes,,7,2,1,8,320,8,4,0,0,4,5,2,1,90.0,3,4,12,21,14,4,0.285714,2,0.301363,4,4,4,16,4,11,1,8,4,22,99,0.222222,2.666667,2.000000,yes,0,experiments/phase_pr/full_layouts/TOY_xor2_p4.ifcn,experiments/phase_pr/full_layouts/TOY_xor2_p4_layout.tex
TOY,tests/benchmarks_f/TOY/xor2.v,xor2.v,3,yes,,7,2,1,8,320,8,4,0,0,4,5,2,1,90.0,3,4,12,21,14,2,0.142857,2,0.338076,3,3,6,18,6,11,2,12,6,40,99,0.404040,4.000000,2.666667,yes,0,experiments/phase_pr/full_layouts/TOY_xor2_p3.ifcn,experiments/phase_pr/full_layouts/TOY_xor2_p3_layout.tex
TOY,tests/benchmarks_f/TOY/xor5R.v,,4,no,Invalid vertex name provided for edge creation: n28 -> z0,0,0,0,0,320,0,0,0,0,0,-1,0,0,0.0,0,0,0,0,0,0,0.000000,0,0.004038,0,0,0,0,0,0,0,0,0,0,0,0.000000,0.000000,0.000000,no,0,,
TOY,tests/benchmarks_f/TOY/xor5R.v,,3,no,Invalid vertex name provided for edge creation: n28 -> z0,0,0,0,0,320,0,0,0,0,0,-1,0,0,0.0,0,0,0,0,0,0,0.000000,0,0.000030,0,0,0,0,0,0,0,0,0,0,0,0.000000,0.000000,0.000000,no,0,,
TOY,tests/benchmarks_f/TOY/xor5_r1.v,xor5_r1.v,4,yes,,31,5,1,38,320,32,22,0,0,10,24,4,1,150.0,18,13,234,190,152,32,0.210526,5,1.204694,4,20,16,320,86,128,20,160,80,440,1217,0.361545,2.735043,2.000000,yes,0,experiments/phase_pr/full_layouts/TOY_xor5_r1_p4.ifcn,experiments/phase_pr/full_layouts/TOY_xor5_r1_p4_layout.tex
TOY,tests/benchmarks_f/TOY/xor5_r1.v,xor5_r1.v,3,yes,,31,5,1,38,320,32,22,0,0,10,24,4,1,150.0,18,13,234,190,152,36,0.236842,4,1.185242,3,18,15,270,36,128,30,180,90,600,1217,0.493016,3.076923,2.666667,yes,0,experiments/phase_pr/full_layouts/TOY_xor5_r1_p3.ifcn,experiments/phase_pr/full_layouts/TOY_xor5_r1_p3_layout.tex
fontes18,tests/benchmarks_f/fontes18/1bitAdderAOIG.v,1bitAdderAOIG.v,4,yes,,18,3,2,22,320,20,11,0,0,9,8,1,2,150.0,6,17,102,136,114,34,0.298246,4,0.562248,4,8,20,160,58,85,10,80,40,220,797,0.276035,3.137255,2.000000,yes,0,experiments/phase_pr/full_layouts/fontes18_1bitAdderAOIG_p4.ifcn,experiments/phase_pr/full_layouts/fontes18_1bitAdderAOIG_p4_layout.tex
fontes18,tests/benchmarks_f/fontes18/1bitAdderAOIG.v,1bitAdderAOIG.v,3,yes,,18,3,2,22,320,20,11,0,0,9,8,1,2,150.0,6,17,102,136,114,34,0.298246,4,0.646892,3,6,18,108,6,85,12,72,36,240,797,0.301129,2.823529,2.666667,yes,0,experiments/phase_pr/full_layouts/fontes18_1bitAdderAOIG_p3.ifcn,experiments/phase_pr/full_layouts/fontes18_1bitAdderAOIG_p3_layout.tex
fontes18,tests/benchmarks_f/fontes18/1bitAdderMaj.v,1bitAdderMaj.v,4,yes,,32,3,1,43,320,36,21,0,0,15,25,2,2,150.0,9,33,297,307,264,69,0.261364,5,2.134152,4,12,36,432,135,186,27,216,108,594,1787,0.332401,2.909091,2.000000,yes,0,experiments/phase_pr/full_layouts/fontes18_1bitAdderMaj_p4.ifcn,experiments/phase_pr/full_layouts/fontes18_1bitAdderMaj_p4_layout.tex
fontes18,tests/benchmarks_f/fontes18/1bitAdderMaj.v,1bitAdderMaj.v,3,yes,,32,3,1,43,320,36,21,0,0,15,25,2,2,150.0,9,33,297,307,264,69,0.261364,5,2.195113,3,9,33,297,0,186,33,198,99,663,1787,0.371013,2.666667,2.666667,yes,0,experiments/phase_pr/full_layouts/fontes18_1bitAdderMaj_p3.ifcn,experiments/phase_pr/full_layouts/fontes18_1bitAdderMaj_p3_layout.tex
fontes18,tests/benchmarks_f/fontes18/2bitAdderMaj.v,2bitAdderMaj.v,4,yes,,51,5,2,70,320,36,30,0,0,6,25,2,2,150.0,11,38,418,506,436,102,0.233945,4,2.106587,4,12,40,480,62,290,30,240,120,660,2822,0.233877,2.296651,2.000000,yes,0,experiments/phase_pr/full_layouts/fontes18_2bitAdderMaj_p4.ifcn,experiments/phase_pr/full_layouts/fontes18_2bitAdderMaj_p4_layout.tex
fontes18,tests/benchmarks_f/fontes18/2bitAdderMaj.v,2bitAdderMaj.v,3,yes,,51,5,2,70,320,36,30,0,0,6,25,2,2,150.0,11,38,418,506,436,104,0.238532,5,2.681775,3,12,39,468,50,290,52,312,156,1052,2822,0.372785,2.985646,2.666667,yes,0,experiments/phase_pr/full_layouts/fontes18_2bitAdderMaj_p3.ifcn,experiments/phase_pr/full_layouts/fontes18_2bitAdderMaj_p3_layout.tex
fontes18,tests/benchmarks_f/fontes18/b1_r2.v,b1_r2.v,4,yes,,17,3,4,20,320,32,18,0,0,14,25,2,2,150.0,9,10,90,111,91,25,0.274725,5,1.001805,4,12,12,144,54,66,9,72,36,198,594,0.333333,3.200000,2.000000,yes,0,experiments/phase_pr/full_layouts/fontes18_b1_r2_p4.ifcn,experiments/phase_pr/full_layouts/fontes18_b1_r2_p4_layout.tex
fontes18,tests/benchmarks_f/fontes18/b1_r2.v,b1_r2.v,3,yes,,17,3,4,20,320,32,18,0,0,14,25,2,2,150.0,9,10,90,111,91,26,0.285714,3,1.097054,3,9,12,108,18,66,12,72,36,240,594,0.404040,3.200000,2.666667,yes,0,experiments/phase_pr/full_layouts/fontes18_b1_r2_p3.ifcn,experiments/phase_pr/full_layouts/fontes18_b1_r2_p3_layout.tex
fontes18,tests/benchmarks_f/fontes18/c17.v,c17.v,4,yes,,12,5,2,13,320,12,8,0,0,4,6,1,2,90.0,5,9,45,66,53,15,0.283019,2,0.321439,4,8,12,96,51,38,6,48,24,132,342,0.385965,4.266667,2.000000,yes,0,experiments/phase_pr/full_layouts/fontes18_c17_p4.ifcn,experiments/phase_pr/full_layouts/fontes18_c17_p4_layout.tex
fontes18,tests/benchmarks_f/fontes18/c17.v,c17.v,3,yes,,12,5,2,13,320,12,8,0,0,4,6,1,2,90.0,5,9,45,66,53,15,0.283019,2,0.324661,3,6,9,54,9,38,6,36,18,120,342,0.350877,3.200000,2.666667,yes,0,experiments/phase_pr/full_layouts/fontes18_c17_p3.ifcn,experiments/phase_pr/full_layouts/fontes18_c17_p3_layout.tex
fontes18,tests/benchmarks_f/fontes18/clpl.v,clpl.v,4,yes,,21,11,5,20,320,4,0,0,0,4,2,1,1,150.0,13,13,169,145,125,0,0.000000,1,0.494047,4,16,16,256,87,117,16,128,64,352,1098,0.320583,3.029586,2.000000,yes,0,experiments/phase_pr/full_layouts/fontes18_clpl_p4.ifcn,experiments/phase_pr/full_layouts/fontes18_clpl_p4_layout.tex
fontes18,tests/benchmarks_f/fontes18/clpl.v,clpl.v,3,yes,,21,11,5,20,320,4,0,0,0,4,1,1,1,90.0,13,12,156,143,123,27,0.219512,7,0.512324,3,15,12,180,24,96,20,120,60,400,885,0.451977,3.076923,2.666667,yes,0,experiments/phase_pr/full_layouts/fontes18_clpl_p3.ifcn,experiments/phase_pr/full_layouts/fontes18_clpl_p3_layout.tex
fontes18,tests/benchmarks_f/fontes18/cm82a_5.v,cm82a_5.v,4,yes,,49,5,3,64,320,129,96,0,0,33,96,2,5,150.0,18,57,1026,799,735,153,0.208163,7,7.919666,4,20,60,1200,174,575,75,600,300,1675,5943,0.281844,2.339181,2.000000,yes,0,experiments/phase_pr/full_layouts/fontes18_cm82a_5_p4.ifcn,experiments/phase_pr/full_layouts/fontes18_cm82a_5_p4_layout.tex
fontes18,tests/benchmarks_f/fontes18/cm82a_5.v,cm82a_5.v,3,yes,,49,5,3,64,320,87,75,0,0,12,71,2,4,150.0,17,47,799,697,633,136,0.214850,5,5.330424,3,18,48,864,65,487,96,576,288,1956,4956,0.394673,2.883605,2.666667,yes,0,experiments/phase_pr/full_layouts/fontes18_cm82a_5_p3.ifcn,experiments/phase_pr/full_layouts/fontes18_cm82a_5_p3_layout.tex
fontes18,tests/benchmarks_f/fontes18/majority.v,majority.v,4,yes,,22,5,1,25,320,28,16,0,0,12,22,2,2,90.0,9,19,171,151,126,26,0.206349,4,1.989863,4,12,20,240,69,97,15,120,60,330,904,0.365044,2.807018,2.000000,yes,0,experiments/phase_pr/full_layouts/fontes18_majority_p4.ifcn,experiments/phase_pr/full_layouts/fontes18_majority_p4_layout.tex
fontes18,tests/benchmarks_f/fontes18/majority.v,majority.v,3,yes,,22,5,1,25,320,20,16,0,0,4,15,3,1,150.0,13,12,156,136,111,29,0.261261,4,1.632323,3,15,12,180,24,93,20,120,60,400,856,0.467290,3.076923,2.666667,yes,0,experiments/phase_pr/full_layouts/fontes18_majority_p3.ifcn,experiments/phase_pr/full_layouts/fontes18_majority_p3_layout.tex
fontes18,tests/benchmarks_f/fontes18/majority_5_r1.v,majority_5_r1.v,4,yes,,22,5,1,25,320,32,20,0,0,12,25,2,2,150.0,10,13,130,126,101,28,0.277228,4,1.551439,4,12,16,192,62,86,12,96,48,264,782,0.337596,2.953846,2.000000,yes,0,experiments/phase_pr/full_layouts/fontes18_majority_5_r1_p4.ifcn,experiments/phase_pr/full_layouts/fontes18_majority_5_r1_p4_layout.tex
fontes18,tests/benchmarks_f/fontes18/majority_5_r1.v,majority_5_r1.v,3,yes,,22,5,1,25,320,25,16,0,0,9,22,2,2,90.0,9,13,117,118,93,24,0.258065,4,1.574753,3,9,15,135,18,73,15,90,45,300,665,0.451128,3.076923,2.666667,yes,0,experiments/phase_pr/full_layouts/fontes18_majority_5_r1_p3.ifcn,experiments/phase_pr/full_layouts/fontes18_majority_5_r1_p3_layout.tex
fontes18,tests/benchmarks_f/fontes18/newtag.v,newtag.v,4,yes,,25,8,1,26,320,25,20,0,0,5,22,2,2,90.0,15,17,255,160,134,38,0.283582,4,1.516743,4,16,20,320,65,108,20,160,80,440,1009,0.436075,2.509804,2.000000,yes,0,experiments/phase_pr/full_layouts/fontes18_newtag_p4.ifcn,experiments/phase_pr/full_layouts/fontes18_newtag_p4_layout.tex
fontes18,tests/benchmarks_f/fontes18/newtag.v,newtag.v,3,yes,,25,8,1,26,320,25,20,0,0,5,22,2,2,90.0,15,17,255,160,134,38,0.283582,4,1.758308,3,15,18,270,15,108,30,180,90,600,1009,0.594648,2.823529,2.666667,yes,0,experiments/phase_pr/full_layouts/fontes18_newtag_p3.ifcn,experiments/phase_pr/full_layouts/fontes18_newtag_p3_layout.tex
fontes18,tests/benchmarks_f/fontes18/parity.v,parity.v,4,yes,,119,16,1,148,320,56,48,0,0,8,43,2,3,90.0,32,46,1472,902,754,198,0.262599,10,4.232812,4,32,48,1536,64,554,96,768,384,2128,5738,0.370861,2.086957,2.000000,yes,0,experiments/phase_pr/full_layouts/fontes18_parity_p4.ifcn,experiments/phase_pr/full_layouts/fontes18_parity_p4_layout.tex
fontes18,tests/benchmarks_f/fontes18/parity.v,parity.v,3,yes,,119,16,1,148,320,56,48,0,0,8,46,3,2,150.0,48,31,1488,893,745,203,0.272483,4,4.953127,3,48,33,1584,96,595,176,1056,528,3602,6113,0.589236,2.838710,2.666667,yes,0,experiments/phase_pr/full_layouts/fontes18_parity_p3.ifcn,experiments/phase_pr/full_layouts/fontes18_parity_p3_layout.tex
fontes18,tests/benchmarks_f/fontes18/t.v,t.v,4,yes,,15,5,2,16,320,12,8,0,0,4,5,2,1,90.0,9,6,54,54,38,9,0.236842,3,0.676445,4,12,8,96,42,33,6,48,24,132,297,0.444444,3.555556,2.000000,yes,0,experiments/phase_pr/full_layouts/fontes18_t_p4.ifcn,experiments/phase_pr/full_layouts/fontes18_t_p4_layout.tex
fontes18,tests/benchmarks_f/fontes18/t.v,t.v,3,yes,,15,5,2,16,320,12,8,0,0,4,5,2,1,90.0,9,6,54,54,38,10,0.263158,3,0.722320,3,9,6,54,0,33,6,36,18,120,297,0.404040,2.666667,2.666667,yes,0,experiments/phase_pr/full_layouts/fontes18_t_p3.ifcn,experiments/phase_pr/full_layouts/fontes18_t_p3_layout.tex
fontes18,tests/benchmarks_f/fontes18/t_5.v,t_5.v,4,yes,,15,5,2,16,320,12,8,0,0,4,7,2,1,150.0,9,7,63,66,50,10,0.200000,5,0.740557,4,12,8,96,33,43,6,48,24,132,387,0.341085,3.047619,2.000000,yes,0,experiments/phase_pr/full_layouts/fontes18_t_5_p4.ifcn,experiments/phase_pr/full_layouts/fontes18_t_5_p4_layout.tex
fontes18,tests/benchmarks_f/fontes18/t_5.v,t_5.v,3,yes,,15,5,2,16,320,12,8,0,0,4,5,2,1,90.0,9,7,63,68,52,8,0.153846,3,0.805389,3,9,9,81,18,41,9,54,27,180,369,0.487805,3.428571,2.666667,yes,0,experiments/phase_pr/full_layouts/fontes18_t_5_p3.ifcn,experiments/phase_pr/full_layouts/fontes18_t_5_p3_layout.tex
fontes18,tests/benchmarks_f/fontes18/xor.v,xor.v,4,yes,,7,2,1,8,320,32,4,0,0,28,13,3,1,90.0,6,4,24,35,27,8,0.296296,3,0.653807,4,8,4,32,8,20,2,16,8,44,180,0.244444,2.666667,2.000000,yes,0,experiments/phase_pr/full_layouts/fontes18_xor_p4.ifcn,experiments/phase_pr/full_layouts/fontes18_xor_p4_layout.tex
fontes18,tests/benchmarks_f/fontes18/xor.v,xor.v,3,yes,,7,2,1,8,320,32,4,0,0,28,13,3,1,90.0,6,4,24,35,27,4,0.148148,3,0.699236,3,6,6,36,12,20,4,24,12,80,180,0.444444,4.000000,2.666667,yes,0,experiments/phase_pr/full_layouts/fontes18_xor_p3.ifcn,experiments/phase_pr/full_layouts/fontes18_xor_p3_layout.tex
fontes18,tests/benchmarks_f/fontes18/xor5Maj.v,xor5Maj.v,4,yes,,73,5,1,98,320,160,106,0,0,54,156,3,5,150.0,28,116,3248,1481,1383,302,0.218366,10,13.352935,4,28,116,3248,0,1089,203,1624,812,4599,11389,0.403811,2.000000,2.000000,yes,0,experiments/phase_pr/full_layouts/fontes18_xor5Maj_p4.ifcn,experiments/phase_pr/full_layouts/fontes18_xor5Maj_p4_layout.tex
fontes18,tests/benchmarks_f/fontes18/xor5Maj.v,xor5Maj.v,3,yes,,73,5,1,98,320,56,50,0,0,6,47,2,3,150.0,20,70,1400,1006,908,232,0.255507,7,4.900506,3,21,72,1512,112,672,168,1008,504,3458,6817,0.507261,2.880000,2.666667,yes,0,experiments/phase_pr/full_layouts/fontes18_xor5Maj_p3.ifcn,experiments/phase_pr/full_layouts/fontes18_xor5Maj_p3_layout.tex
fontes18,tests/benchmarks_f/fontes18/xor5_r1.v,xor5_r1.v,4,yes,,31,5,1,38,320,32,22,0,0,10,24,4,1,150.0,18,13,234,190,152,32,0.210526,5,1.156694,4,20,16,320,86,128,20,160,80,440,1217,0.361545,2.735043,2.000000,yes,0,experiments/phase_pr/full_layouts/fontes18_xor5_r1_p4.ifcn,experiments/phase_pr/full_layouts/fontes18_xor5_r1_p4_layout.tex
fontes18,tests/benchmarks_f/fontes18/xor5_r1.v,xor5_r1.v,3,yes,,31,5,1,38,320,32,22,0,0,10,24,4,1,150.0,18,13,234,190,152,36,0.236842,4,1.210030,3,18,15,270,36,128,30,180,90,600,1217,0.493016,3.076923,2.666667,yes,0,experiments/phase_pr/full_layouts/fontes18_xor5_r1_p3.ifcn,experiments/phase_pr/full_layouts/fontes18_xor5_r1_p3_layout.tex
