case,source,source_sha256,reference_status,reference_algorithm,reference_area_tiles,reference_qca_cells,reference_physical_status,reference_candidate_sha256,reference_qca_sha256,default_status,default_area_tiles,default_qca_cells,default_candidate_sha256,default_qca_sha256,default_physical_status,default_physical_candidate_sha256,selection_status,selection_eligible,candidate_pool_count,unique_candidates,mapped_legal_candidates,physical_tested,physical_reused,selected_area_tiles,selected_qca_cells,selected_route_length,selected_candidate_sha256,selected_qca_sha256,selected_coverage,selected_distinct_vectors,selected_possible_vectors,selected_hold_cycles,selected_samples_per_cycle,selected_samples,selected_hold_samples_checked,selected_protocol_sha256,selected_simulator_sha256,selected_evidence_reused,recorded_best_provenance,recorded_best_algorithm,recorded_best_area_tiles,recorded_best_qca_cells,recorded_best_route_length,recorded_best_candidate_sha256,recorded_best_qca_sha256,recorded_best_audit_sha256,recorded_best_protocol_sha256,recorded_best_simulator_sha256,recorded_best_current_mapper_remap_status,recorded_best_coverage,recorded_best_hold_cycles,recorded_best_samples_per_cycle,recorded_best_samples,recorded_best_evidence_case,known_physical_passing_candidates,selected_area_delta_vs_reference,selected_cells_delta_vs_reference,solver_budget_seconds,process_timeout_seconds,max_attempts,historical_minimum_remap_status,historical_minimum_remapped_ifcn_sha256,historical_minimum_remapped_qca_sha256,historical_minimum_remapped_mapper_sha256,historical_minimum_remapped_simulator_sha256,historical_minimum_remap_report_sha256,historical_minimum_eligible_for_examples,supplement_d4_status,supplement_d4_evidence_case,supplement_d4_source_sha256,supplement_d4_transform,supplement_d4_area_tiles,supplement_d4_qca_cells,supplement_d4_base_candidate_sha256,supplement_d4_candidate_sha256,supplement_d4_ifcn_sha256,supplement_d4_qca_sha256,supplement_d4_coverage,supplement_d4_distinct_vectors,supplement_d4_possible_vectors,supplement_d4_hold_cycles,supplement_d4_samples_per_cycle,supplement_d4_samples,supplement_d4_hold_samples_checked,supplement_d4_protocol_sha256,supplement_d4_mapper_sha256,supplement_d4_simulator_sha256,supplement_d4_report_path,supplement_d4_report_sha256,supplement_d4_new_physical_tests,supplement_d4_reused_identical_source
TOY__1bitAdderAOIG,tests/benchmarks_f/TOY/1bitAdderAOIG.v,cbc0b3bc38b5e5545d785db580560b14c14bdbf90559297b29b8c97a1656a3ce,validated,graph_draw,102,423,not_run,939eaa9e7197aa2531d36b278eb4e5de85f7b0dcb521b085b9c68e75c0d1a861,d26b028b238190afe1ff5546b312701601b3cb6e1e2c0db7aa6935fc5c5a599c,validated,65,315,c001cdce15ad183eaf45cc1eb58c2cf11b722177973f05a279c204d65ba5c046,8a70dea9298faad4ac0e5f819c6c35d13072e00ade969ba40cf2e5f97f4ba649,fail,d92ba24687e9dc7e8abd04aa20e67185277e73edcfd7a3d199f13f2646c19313,passed,True,18,12,12,6,1,84,420,88,f088f6e356fce115f98b68cf02934d45a9abdcb9d188390ced5c55d60434fd68,84bdf97eda7aafecb1400aaaf51ad206d4205c4fb24d9409ec63e284c1e72a0e,exhaustive,8,8,8,128,16384,6240,36e70b14cde01c22446efdca76a579154a393d18f7caa5aa22d707d09cfead84,2cc8816f3bb01f88e94de7e99349cc4b8d54f77306e8a6cf7abc6cfc5b4e6039,False,unified-repaired-physical,irregular,84,420,88,f088f6e356fce115f98b68cf02934d45a9abdcb9d188390ced5c55d60434fd68,84bdf97eda7aafecb1400aaaf51ad206d4205c4fb24d9409ec63e284c1e72a0e,eb147a6fd0a286e7e3e779ba5e36a591a1120c01d460cf3745df5041d6f400c2,36e70b14cde01c22446efdca76a579154a393d18f7caa5aa22d707d09cfead84,2cc8816f3bb01f88e94de7e99349cc4b8d54f77306e8a6cf7abc6cfc5b4e6039,passed,exhaustive,8,128,16384,TOY__1bitAdderAOIG,1,-18,-3,120.0,130.0,320,not_run,,,,,,,,,,,,,,,,,,,,,,,,,,,,,,
TOY__1bitAdderMaj,tests/benchmarks_f/TOY/1bitAdderMaj.v,8ef091e5b42ceabe3f68ba45a1c63388f1aacb4c84c9fb83711414ace2ccfb0f,validated,june_random,510,1413,not_run,fb77b785e0340b1ea354557ae718257c6e376f232189a1927261500f20c2d062,5a82109ce0a51feb72a6ad68eb72837282d331729654dbf4cd658e824e97dd6d,validated,40,260,1e33f5335d30c3765bad4ec1f9f5938b3cae8be7614f65f8317e4446d9419c12,77c23ff956adf75920708e05b529387bd7d4918a33f207c6ebf4d10f5d30bc3e,pass,360f509df14a8fe97550fb5f00cad3bc33b81bb39163cfb3c5a1b72384053244,passed,True,12,7,7,1,0,40,260,51,360f509df14a8fe97550fb5f00cad3bc33b81bb39163cfb3c5a1b72384053244,77c23ff956adf75920708e05b529387bd7d4918a33f207c6ebf4d10f5d30bc3e,exhaustive,8,8,8,128,16384,3120,7bcbc3928d4d2c415f280fd78cfa79b1742df1320ce0cd10ab1dbdd855fadc4f,2cc8816f3bb01f88e94de7e99349cc4b8d54f77306e8a6cf7abc6cfc5b4e6039,False,unified-repaired-physical,irregular,40,260,51,360f509df14a8fe97550fb5f00cad3bc33b81bb39163cfb3c5a1b72384053244,77c23ff956adf75920708e05b529387bd7d4918a33f207c6ebf4d10f5d30bc3e,d8f0c86aa9d226f451d395328b3c220e890689d6390ee2a4da2c18b3da60e668,7bcbc3928d4d2c415f280fd78cfa79b1742df1320ce0cd10ab1dbdd855fadc4f,2cc8816f3bb01f88e94de7e99349cc4b8d54f77306e8a6cf7abc6cfc5b4e6039,passed,exhaustive,8,128,16384,TOY__1bitAdderMaj,2,-470,-1153,120.0,130.0,320,not_run,,,,,,,,,,,,,,,,,,,,,,,,,,,,,,
TOY__RCA2,tests/benchmarks_f/TOY/RCA2.v,6bb7bb0f8df4d153052a87050e75049a3fbfb80ee2fa4bb27e3c0e06dae7dc51,no_valid_reference,,,,not_run,,,validated,912,2156,c6bbe8c748824561af8a3423774bbed27fa8335ed366d33659123d01ac487e62,a5bde501359768faf15d737d9e2ed005f24203aaf356011f1cfefba018220c74,fail,10b4a44f2b3fc7ed50bdbb2a36bc660f85085552bef5a29a9b657662db2f0b33,no_pass_within_tested_prefix,False,5,2,2,2,1,,,,,,,,,,,,,,,,,,,,,,,,,,,,,,,,0,,,120.0,130.0,320,not_run,,,,,,,no_pass_in_finite_D4_set,TOY__RCA2,6bb7bb0f8df4d153052a87050e75049a3fbfb80ee2fa4bb27e3c0e06dae7dc51,,,,,,,,,,,,,,,,,,output/irregular-symmetry-toy/cases/TOY__RCA2/selection.json,349e2ceb44b825e04fb615a2a825d8f51a88572bde97cb2d7f3446c2851a9e65,14,false
TOY__b1_r2,tests/benchmarks_f/TOY/b1_r2.v,e3a30eca140d42e477c7a20e5827cbcf331eabf1c02acf00f49e33b7dcc9fe6c,validated,graph_draw,200,707,not_run,563907470d8a16560016558ceef38a155297cf8e2f6f0fa0da57037c215f5a48,1ac47bcc1ad3d7f48a7fa64bd3e77e006d9aa7cee4786bcd3bb106e778db421c,validated,140,725,bd91266772114b3e0590da15a5a2978f78063e69629b20f2c5aafea30559c98d,3630b30e9f986f74f2e3dd404c68dda648df0711683f0cb95d86217e4d4e0bd5,fail,225fb1f228b5434fba5eeb0d702941e70fa2e88bc902cbbdf4038c4d0ff62651,passed,True,12,10,10,7,0,252,711,151,8a7a2128e58421c6cfab2b90830c033a086b41e18e918f56ec3fc6c901efe8e4,7d300d4fddf1ee7390a18e3664f3157728666364897edefc486ea9e014382b7f,exhaustive,8,8,8,128,16384,12480,3b8e1edc5c33506b871c61b511636e67e9fd35eeb05ca903160912a95797d229,2cc8816f3bb01f88e94de7e99349cc4b8d54f77306e8a6cf7abc6cfc5b4e6039,False,unified-physical,irregular,170,716,172,3ba58fdc2a0a485b0ba62a802de350a798b557d426e22686438ece87a63c3625,2274c188350524e2d923effc36302ee734f9a1147eee99bb56845a2058454c7d,c620fe23d1c674f6b3d0eaf8131c31167a513e28e30c92b335efaf9851e6a85d,27ff2feefbd35e3eea2b9e8718260cd9333bc7216bd6ab30c6a103b109074abd,1b24869cfe330450e2657f60128fc925c2de52fdb135e56c4767eddd185d9a33,passed,exhaustive,8,128,16384,TOY__b1_r2,2,52,4,120.0,130.0,320,passed,5804f85da81359357d4971b59d9843a580ca6a8e2b7fb84d32ad03d01b2d9024,2274c188350524e2d923effc36302ee734f9a1147eee99bb56845a2058454c7d,ad96402d7951f70d6df4f5656c1ba6e7a4cbd0d884df20aebdff3f35d312aed4,2cc8816f3bb01f88e94de7e99349cc4b8d54f77306e8a6cf7abc6cfc5b4e6039,1b6907652838ae3fdfb1ee7c90d2c7934b00a7fa244b5bc3ef0bd215ccadb9c5,True,,,,,,,,,,,,,,,,,,,,,,,,
TOY__clpl,tests/benchmarks_f/TOY/clpl.v,de7d65ca4373d2ed5089fa702ac40349d963ebdd3eb78e0d8c74013d284f5f62,validated,compact,210,821,not_run,326aa3e97e98b590c0f051d33ee01bafa38a298147e33b12a06bf4648470d1e4,567cdf62a3a3aa463dacde348647af412f269cf39df09cf04bf0c01d7ea50e36,validated,208,708,205bd5aa8eb935d766655b8b215b2c659f372eee30e2ea71b1085137856c2e0b,92f8d6b35060f4b3a08ef261530286ed572b651604ecfc669ede0908c21113d4,pass,f9a4ca5b94f7ffb2caccd3862cc4537a778c68966e7dfff3ba97a77626a1e263,passed,True,16,12,12,1,0,208,708,137,f9a4ca5b94f7ffb2caccd3862cc4537a778c68966e7dfff3ba97a77626a1e263,92f8d6b35060f4b3a08ef261530286ed572b651604ecfc669ede0908c21113d4,sampled,32,2048,8,128,65536,62400,a149b2460bf682d319d5ff2fcbc97dfae56b154e4ab1d9663bd1daf13af8462f,2cc8816f3bb01f88e94de7e99349cc4b8d54f77306e8a6cf7abc6cfc5b4e6039,False,unified-repaired-physical,irregular,208,708,137,f9a4ca5b94f7ffb2caccd3862cc4537a778c68966e7dfff3ba97a77626a1e263,92f8d6b35060f4b3a08ef261530286ed572b651604ecfc669ede0908c21113d4,3bd7c9fe199d0bc4e6cd96a0515fc1ead0014de0cf5ba5251b9b692fad4fb959,a149b2460bf682d319d5ff2fcbc97dfae56b154e4ab1d9663bd1daf13af8462f,2cc8816f3bb01f88e94de7e99349cc4b8d54f77306e8a6cf7abc6cfc5b4e6039,passed,sampled,8,128,65536,TOY__clpl,1,-2,-113,120.0,130.0,320,not_run,,,,,,,,,,,,,,,,,,,,,,,,,,,,,,
TOY__clpl_source_generate__clpl_source,tests/benchmarks_f/TOY/clpl_source_generate/clpl_source.v,de7d65ca4373d2ed5089fa702ac40349d963ebdd3eb78e0d8c74013d284f5f62,validated,compact,210,821,not_run,a9f9077bf4cb777c47b1b4561503340fcec363efbbf1d44009109806b01a9c09,567cdf62a3a3aa463dacde348647af412f269cf39df09cf04bf0c01d7ea50e36,validated,208,708,84ee3c28efce69e2fffd75c0f9cc2eadac0c79d08b80cc14df21921f2236b840,92f8d6b35060f4b3a08ef261530286ed572b651604ecfc669ede0908c21113d4,pass,3673f306420da993797f0312041c3b3f05c636745d2c9c3525385bea5d486e0c,passed,True,16,12,12,1,0,208,708,137,3673f306420da993797f0312041c3b3f05c636745d2c9c3525385bea5d486e0c,92f8d6b35060f4b3a08ef261530286ed572b651604ecfc669ede0908c21113d4,sampled,32,2048,8,128,65536,62400,a149b2460bf682d319d5ff2fcbc97dfae56b154e4ab1d9663bd1daf13af8462f,2cc8816f3bb01f88e94de7e99349cc4b8d54f77306e8a6cf7abc6cfc5b4e6039,False,unified-repaired-physical,irregular,208,708,137,f9a4ca5b94f7ffb2caccd3862cc4537a778c68966e7dfff3ba97a77626a1e263,92f8d6b35060f4b3a08ef261530286ed572b651604ecfc669ede0908c21113d4,3bd7c9fe199d0bc4e6cd96a0515fc1ead0014de0cf5ba5251b9b692fad4fb959,a149b2460bf682d319d5ff2fcbc97dfae56b154e4ab1d9663bd1daf13af8462f,2cc8816f3bb01f88e94de7e99349cc4b8d54f77306e8a6cf7abc6cfc5b4e6039,passed,sampled,8,128,65536,TOY__clpl,1,-2,-113,120.0,130.0,320,not_run,,,,,,,,,,,,,,,,,,,,,,,,,,,,,,
TOY__mux21,tests/benchmarks_f/TOY/mux21.v,0e439672e33b02fc619a7288e9b711e416a1566b7ac410d5cbf7b9e52fbad8c2,validated,graph_draw,16,76,not_run,3c5684516144e8fe167575727b4aa2d0e77b96f80f5254f273afc4febe4b7a56,72bb346489c1ee3a4441d27b13db17e04b455efb41d0310e960b9fed1c02ee5c,validated,16,71,bbf545c1389abf6cb39da91df9f6159ff5e3cc0470f57d8cf51b2f525f75cfb8,3d68a7d0054c5ef6d028cd2accfbfc2832ad24bb2a4927b858ad15ccdfdc1aa6,pass,7d627a13d7616e8d509983666082503a8849cb7873ef36cfe33e341c9d320b70,passed,True,23,20,20,1,0,16,71,12,7d627a13d7616e8d509983666082503a8849cb7873ef36cfe33e341c9d320b70,3d68a7d0054c5ef6d028cd2accfbfc2832ad24bb2a4927b858ad15ccdfdc1aa6,exhaustive,8,8,8,128,16384,3120,8f1c86529200ebecdcf719960e7f1384b9f26700a7859d9d73394e942fe4fce5,2cc8816f3bb01f88e94de7e99349cc4b8d54f77306e8a6cf7abc6cfc5b4e6039,False,unified-repaired-physical,irregular,16,71,12,7d627a13d7616e8d509983666082503a8849cb7873ef36cfe33e341c9d320b70,3d68a7d0054c5ef6d028cd2accfbfc2832ad24bb2a4927b858ad15ccdfdc1aa6,8369b8d7db5219947cb7652727ee1afdbb018e39b9f919cc605198e0dde041f3,8f1c86529200ebecdcf719960e7f1384b9f26700a7859d9d73394e942fe4fce5,2cc8816f3bb01f88e94de7e99349cc4b8d54f77306e8a6cf7abc6cfc5b4e6039,passed,exhaustive,8,128,16384,TOY__mux21,2,0,-5,120.0,130.0,320,not_run,,,,,,,,,,,,,,,,,,,,,,,,,,,,,,
TOY__mux41,tests/benchmarks_f/TOY/mux41.v,b8743fb320684d98b30060ee5a5b70ab5099ec814906e78680ca71c36f014959,validated,graph_draw,176,598,not_run,afdbb0af3ec91c86bb65019f2afbb9db296f3490a640230cdcfc63dd8c0ed625,38e173d2f4578f6c76b0ebd996c1bdfb226fa2093072a0b205be2c7f5f21e5b8,validated,176,598,140b91003d9fd464f8fd33f18465b267513284679d395f9b7d837f0dfed38af2,38e173d2f4578f6c76b0ebd996c1bdfb226fa2093072a0b205be2c7f5f21e5b8,fail,7bdd1cf4df27da742917f2055df7d89cf496f24c2fdec4c4032c25062fd0141f,no_pass_within_tested_prefix,False,3,1,1,1,1,,,,,,,,,,,,,,,,,,,,,,,,,,,,,,,,0,,,120.0,130.0,320,not_run,,,,,,,passed_exhaustive,TOY__mux41,b8743fb320684d98b30060ee5a5b70ab5099ec814906e78680ca71c36f014959,reflect_x_rotate90,176,596,140b91003d9fd464f8fd33f18465b267513284679d395f9b7d837f0dfed38af2,ac0a3faad674a8d47976539b8892d21cbb619230a32e6f2a80f1f93cd666ab23,adff97cab28f036564dc345ba83640b65c777314c985d2da4d6dfdf622524f97,ae5481aeadcafa5af6a0a82c5bfb0dbbbcb578a122ce751ef98636572cc485f5,exhaustive,64,64,8,128,131072,24960,e7468ab6f1584612faf9a0ad745cab8a454fb3681a4767d28205b1349c325f67,ad96402d7951f70d6df4f5656c1ba6e7a4cbd0d884df20aebdff3f35d312aed4,2cc8816f3bb01f88e94de7e99349cc4b8d54f77306e8a6cf7abc6cfc5b4e6039,output/mux-symmetry-experiment/reflect_x_rotate90/exhaustive/audit.json,60f2b3586345a109fc0cb20191751a2ffe1a878dcd6c8febad4ca920fe0c3c0b,9,false
TOY__mux41_source_generate__mux41_source,tests/benchmarks_f/TOY/mux41_source_generate/mux41_source.v,b8743fb320684d98b30060ee5a5b70ab5099ec814906e78680ca71c36f014959,validated,graph_draw,176,598,not_run,b30c0d61c6b2c6f1b153cb673cf32f4057a52502a3d931426b4e4139076f8b93,38e173d2f4578f6c76b0ebd996c1bdfb226fa2093072a0b205be2c7f5f21e5b8,validated,176,598,eb507ea48a2249ef10f97f6a699b79464d2f3ed4f2e8ab260fdd9e48921bebfb,38e173d2f4578f6c76b0ebd996c1bdfb226fa2093072a0b205be2c7f5f21e5b8,fail,3fc44c7553cd46e3f252fe693e2603ec952b04803f6db8c9ad2d82a95c6462a3,no_pass_within_tested_prefix,False,3,1,1,1,1,,,,,,,,,,,,,,,,,,,,,,,,,,,,,,,,0,,,120.0,130.0,320,not_run,,,,,,,passed_exhaustive,TOY__mux41,b8743fb320684d98b30060ee5a5b70ab5099ec814906e78680ca71c36f014959,reflect_x_rotate90,176,596,140b91003d9fd464f8fd33f18465b267513284679d395f9b7d837f0dfed38af2,ac0a3faad674a8d47976539b8892d21cbb619230a32e6f2a80f1f93cd666ab23,adff97cab28f036564dc345ba83640b65c777314c985d2da4d6dfdf622524f97,ae5481aeadcafa5af6a0a82c5bfb0dbbbcb578a122ce751ef98636572cc485f5,exhaustive,64,64,8,128,131072,24960,e7468ab6f1584612faf9a0ad745cab8a454fb3681a4767d28205b1349c325f67,ad96402d7951f70d6df4f5656c1ba6e7a4cbd0d884df20aebdff3f35d312aed4,2cc8816f3bb01f88e94de7e99349cc4b8d54f77306e8a6cf7abc6cfc5b4e6039,output/mux-symmetry-experiment/reflect_x_rotate90/exhaustive/audit.json,60f2b3586345a109fc0cb20191751a2ffe1a878dcd6c8febad4ca920fe0c3c0b,0,true
TOY__newtag,tests/benchmarks_f/TOY/newtag.v,a14bc5854351fe03b12f3e0975cb426e6a843ac263bf47073df2f89fe749c754,validated,graph_draw,165,456,not_run,395fba758c525c7816e2bcd1abc68c66a9400e4a06615eba90d9c7fb13ee156f,0315ed6f04364cd9093f5334191c6884afd93cc5cc71b24f8b9d8c5e85965532,validated,110,447,4eda4bea945c89f697bfd7b8aaeaa32d455c20c8e6088f9bf219f6a3d5934476,986f5c7269e7bc3dee6195a71bac66a9704c6d427394825679312d0a1f494033,pass,87f37b35c4381cacbf73d99354cd33e74d56f656fee0c99544f5837fb929211a,passed,True,11,8,8,1,0,110,447,85,87f37b35c4381cacbf73d99354cd33e74d56f656fee0c99544f5837fb929211a,986f5c7269e7bc3dee6195a71bac66a9704c6d427394825679312d0a1f494033,sampled,32,256,8,128,65536,12480,7b58fa9fe4598d60b82987bb2c3f99cb7e63375cb64e5f68e80b08f2db004ff0,2cc8816f3bb01f88e94de7e99349cc4b8d54f77306e8a6cf7abc6cfc5b4e6039,False,unified-repaired-physical,irregular,110,447,85,87f37b35c4381cacbf73d99354cd33e74d56f656fee0c99544f5837fb929211a,986f5c7269e7bc3dee6195a71bac66a9704c6d427394825679312d0a1f494033,a72dd2128a2ae7607d5f6e287f5e4975a2fcb527a1bac05ddf1729c6458197f9,7b58fa9fe4598d60b82987bb2c3f99cb7e63375cb64e5f68e80b08f2db004ff0,2cc8816f3bb01f88e94de7e99349cc4b8d54f77306e8a6cf7abc6cfc5b4e6039,passed,sampled,8,128,65536,TOY__newtag,3,-55,-9,120.0,130.0,320,not_run,,,,,,,,,,,,,,,,,,,,,,,,,,,,,,
TOY__paper_2ddwave_carry_demo,tests/benchmarks_f/TOY/paper_2ddwave_carry_demo.v,6ca095f8078db5c78fe54863b447481defad26aad1b8d9f061f0d0d2d0a3c8d3,validated,graph_draw,40,177,not_run,9e5232312d004d1cdac0f3180e38282a834e7510a1cc5d875d6d1acd865cc677,e993e64dae530a48425adda7042ee09b0d1dc86f642fefe6244c59c47d146c20,validated,35,164,8d840d10d402a50f6615229676dcfc7b9c511ff6a74505a4d8d333547de62e8c,c671d8e99be73d0a99d8d159144e581aea5c07bf95f1d3489cd9433a6c14175c,pass,8e7bfd9a274a24e504f81bc21b72f4032090e599d99904e97d06a6fc05b38d99,passed,True,20,16,16,1,0,35,164,33,8e7bfd9a274a24e504f81bc21b72f4032090e599d99904e97d06a6fc05b38d99,c671d8e99be73d0a99d8d159144e581aea5c07bf95f1d3489cd9433a6c14175c,exhaustive,8,8,8,128,16384,3120,c17e52bb589b4836cf462f52fda194169d681bdc125d45d8b48106a7d36c4edc,2cc8816f3bb01f88e94de7e99349cc4b8d54f77306e8a6cf7abc6cfc5b4e6039,False,unified-repaired-physical,irregular,35,164,33,8e7bfd9a274a24e504f81bc21b72f4032090e599d99904e97d06a6fc05b38d99,c671d8e99be73d0a99d8d159144e581aea5c07bf95f1d3489cd9433a6c14175c,c8ee8f92214a91ff769ac3218795fc86cd234cf79fcef49432b61d00e9cc471b,c17e52bb589b4836cf462f52fda194169d681bdc125d45d8b48106a7d36c4edc,2cc8816f3bb01f88e94de7e99349cc4b8d54f77306e8a6cf7abc6cfc5b4e6039,passed,exhaustive,8,128,16384,TOY__paper_2ddwave_carry_demo,2,-5,-13,120.0,130.0,320,not_run,,,,,,,,,,,,,,,,,,,,,,,,,,,,,,
TOY__paper_2ddwave_crossing_demo,tests/benchmarks_f/TOY/paper_2ddwave_crossing_demo.v,d471dfe2cfa54e7db65277d0e1a4f0b5f0a5f9e4d0db19ae1a81f431fc669e18,validated,compact,42,199,not_run,2dfeae07a2bf5d7d2e93de287cf7d8f3c217bec2a02a228fea17d95c9f6e34fb,8058d74eee0d7597f52e95f416f0a383a18e6c9f6645b247d9fb0ded8f48a631,validated,6,28,d9cba824841bebe50b02ce5583d86751eb214f9af66e0a97f44f6a789fb121bf,971747a2075084e034b059851b67515b3a5dac16fdff6e41101d855ff56ac682,not_tested,e718326cdf16789353df6a72054e270c9a45885677bc606d95cef52822eb24e6,passed,True,25,18,18,1,0,6,28,5,23edd34e8293099e4fa359af98a1bb002e6e7d74fe86d8ded22b1da0c4c95c08,2bcd95e5e0730230c1667dd190b9d994a952f4bb10b878428b79a6ee4ffb9fa2,exhaustive,8,8,8,128,16384,3120,37db3068607c02aeb0839b9baeda05967cf4baa38d1e4fca928a4759fa235274,2cc8816f3bb01f88e94de7e99349cc4b8d54f77306e8a6cf7abc6cfc5b4e6039,False,unified-optimized-physical,irregular,6,28,5,136e9d3d3dd075afc5554ac9844c486eca3e0362a2702e8ed6c7caf001d9e860,971747a2075084e034b059851b67515b3a5dac16fdff6e41101d855ff56ac682,68550c4b8da25acc2a3f3b76721f4d5db00c23edef87ee190790ec9313511a83,37db3068607c02aeb0839b9baeda05967cf4baa38d1e4fca928a4759fa235274,2cc8816f3bb01f88e94de7e99349cc4b8d54f77306e8a6cf7abc6cfc5b4e6039,not_run,exhaustive,8,128,16384,TOY__paper_2ddwave_crossing_demo,3,-36,-171,120.0,130.0,320,not_run,,,,,,,,,,,,,,,,,,,,,,,,,,,,,,
TOY__paper_2ddwave_xor_demo,tests/benchmarks_f/TOY/paper_2ddwave_xor_demo.v,bcb7240baad4c23bfb91d93824e44ff1417d65cabe9e51bb30827a03690eeec6,validated,graph_draw,12,80,not_run,efeb2849da6b7da8ae7e97e1e3b4420adbd7e1d842b3152dbf28046b09105ba3,edae47f7ca1a939b61ad4fc5602c98e9848c7bbcc92306be01d166d4caad5446,validated,12,80,9dd28382e053be96d2e67d20b05624026c36a6e14771b1faf4dc687b01396b93,edae47f7ca1a939b61ad4fc5602c98e9848c7bbcc92306be01d166d4caad5446,pass,bd34f4196e72ad73b37895b4a040dabcc4a8ad7242a93cd5517443c6ad7ef602,passed,True,33,26,26,1,1,12,80,14,bd34f4196e72ad73b37895b4a040dabcc4a8ad7242a93cd5517443c6ad7ef602,edae47f7ca1a939b61ad4fc5602c98e9848c7bbcc92306be01d166d4caad5446,exhaustive,4,4,8,128,8192,1560,96c4b03d01a3267c5cd2fd95857678602badb25a67e908a26f2c54b89d6ebb23,2cc8816f3bb01f88e94de7e99349cc4b8d54f77306e8a6cf7abc6cfc5b4e6039,True,unified-optimized-physical,irregular,12,80,14,478c843255e3fb828c507e8fcd9000d887b4ae2056c83b4f49d3c34f490872c6,edae47f7ca1a939b61ad4fc5602c98e9848c7bbcc92306be01d166d4caad5446,902ff7de4472e481f10ba01ad727dd92b23c3da95f4502e9602184876d55c4e0,96c4b03d01a3267c5cd2fd95857678602badb25a67e908a26f2c54b89d6ebb23,2cc8816f3bb01f88e94de7e99349cc4b8d54f77306e8a6cf7abc6cfc5b4e6039,not_run,exhaustive,8,128,8192,TOY__paper_2ddwave_xor_demo,2,0,0,120.0,130.0,320,not_run,,,,,,,,,,,,,,,,,,,,,,,,,,,,,,
TOY__par_check,tests/benchmarks_f/TOY/par_check.v,7d7e761c65310c266ccaa41806fdb781e68d9ed6e962cd92c35efd0a05aa252c,validated,june_random,345,736,not_run,8a944b8cb71c69a43f0a166329aaa402e7a81a9dabc35c3a839e1ccc3ee2ba40,3dbb2fe053e5a190328a0a916387efece3abba2f65686fa4c12cf5e7150bd81b,validated,133,536,4d68ca3e4ed8886335d8924fa114aaf6f495f14d72f270b6c8fcfe6c99b79a14,08565ed79b7d18c8f8d6b250f961f61097318123da80621761ebbd23de77f350,fail,542c159f6b2ef19ef17b54e6669600b3768e8d05676b7cdb0779df11d48eaa22,passed,True,13,11,11,2,0,133,561,126,e9338eea93e5340671d5def1b39b6d547b06fbb16d6f381fae863c970bff2fc4,bdab8ebbdc455decf7f72517c1d8136fed0dac390ee91b78d42bc49d42ff71f7,exhaustive,16,16,8,128,32768,6240,1620c26a6a9829af8a9927e1c1449e29bf97079c5066083307f4855ad7f3bfd3,2cc8816f3bb01f88e94de7e99349cc4b8d54f77306e8a6cf7abc6cfc5b4e6039,False,unified-repaired-physical,irregular,133,561,126,e9338eea93e5340671d5def1b39b6d547b06fbb16d6f381fae863c970bff2fc4,bdab8ebbdc455decf7f72517c1d8136fed0dac390ee91b78d42bc49d42ff71f7,686cd55b24d9a1d494857bdaa90c217e8b656c8278bf0e6c271be1454e31d876,1620c26a6a9829af8a9927e1c1449e29bf97079c5066083307f4855ad7f3bfd3,2cc8816f3bb01f88e94de7e99349cc4b8d54f77306e8a6cf7abc6cfc5b4e6039,passed,exhaustive,8,128,32768,TOY__par_check,1,-212,-175,120.0,130.0,320,not_run,,,,,,,,,,,,,,,,,,,,,,,,,,,,,,
TOY__par_gen,tests/benchmarks_f/TOY/par_gen.v,9b345754736a4fff843aee1499631f401cd5fe39214c7e649343a880eb028762,validated,graph_draw,102,466,not_run,ab7e96f46b22e368e780b2414155f416cfeb8e66917772ca01d6fcf379e3e923,1d254b54172c80a1c90739674c3b3a43d608d7a4c47e58319f686fb86ff6ad6e,validated,78,337,ac371d7c7a7727b916e38ac109e997ae53f6d7c1afa045ca32b37f87ece34d56,64dbaec1d1329938e242dcdf84e1dbc8be8801ee03dbcba948066cacdf882a21,fail,cae50895f5dc86e9b8edecd38f1967b61ec972a7acdcd2a3a15b6f5eae1082de,passed,True,13,11,11,4,0,112,418,85,74cbb83e36c64cbcef81dba05f43a0b64976cca084806b76741803f4badf8b37,2f30bca71fffb3a915878b808b010f595f8bde48f96b4f0c6c9a7bd6638e7833,exhaustive,8,8,8,128,16384,3120,fa950ed3df83d120088d519944bfa58a5b8b9ede33cffb99d340a2b2661bd8c1,2cc8816f3bb01f88e94de7e99349cc4b8d54f77306e8a6cf7abc6cfc5b4e6039,False,unified-repaired-physical,irregular,112,418,85,74cbb83e36c64cbcef81dba05f43a0b64976cca084806b76741803f4badf8b37,2f30bca71fffb3a915878b808b010f595f8bde48f96b4f0c6c9a7bd6638e7833,6e629b3891c16ecc8755347088ffe2a38bb4c9db0f27a7ac13bbbe3e9c9d0100,fa950ed3df83d120088d519944bfa58a5b8b9ede33cffb99d340a2b2661bd8c1,2cc8816f3bb01f88e94de7e99349cc4b8d54f77306e8a6cf7abc6cfc5b4e6039,passed,exhaustive,8,128,16384,TOY__par_gen,1,10,-48,120.0,130.0,320,not_run,,,,,,,,,,,,,,,,,,,,,,,,,,,,,,
TOY__random_clock_cell_demo,tests/benchmarks_f/TOY/random_clock_cell_demo.v,731d5a76e6cab60ab53b9f21cc220546326f89451beb6146c997f461b8a95f28,validated,june_random,220,684,not_run,7809f7700e3fcdefe218a75b1a0ed38f682a874a1b2fc84531a78bd3d0962920,d0f53e6506c11c28695bde9cef461ffb258566a37b55a1a3564eee604f3d695d,validated,35,186,f2e796408552191820f2663e676df082e3f008b3598949f7275be8c101fb3ac0,82d2ba606547c6e20ce35832abd7f3c7a9113475d5fc13368886400a4e1240c3,fail,8623e7983f515bcbd235b9c0ec2f75359c77f11a83ff6b074e65b28711f73e36,passed,True,15,13,13,2,1,48,225,48,6678a4a195d5478a8314cb8e2c6a1ac4fde1e390d0edc5c16ae19fe2d734c2ec,ac9be220981cf1f42264b52e90e0ba349ca01c1e21ba6d1f1829ee4b28a749bf,exhaustive,16,16,8,128,32768,12480,163b807d0e13ce42b0039642a7594b2e2098a0aafe887886d2cb675d22e8c03e,2cc8816f3bb01f88e94de7e99349cc4b8d54f77306e8a6cf7abc6cfc5b4e6039,True,unified-optimized-physical,irregular,48,225,48,f4db18e078e81aa2fadf2763949dc5f2cbacbfaf3c4a16afe19d24599e1ea161,ac9be220981cf1f42264b52e90e0ba349ca01c1e21ba6d1f1829ee4b28a749bf,c7d2a6a8ea17a1a10a736f9828a3205e20618b18d4f1bec9cc903e76cae366e5,163b807d0e13ce42b0039642a7594b2e2098a0aafe887886d2cb675d22e8c03e,2cc8816f3bb01f88e94de7e99349cc4b8d54f77306e8a6cf7abc6cfc5b4e6039,not_run,exhaustive,8,128,32768,TOY__random_clock_cell_demo,2,-172,-459,120.0,130.0,320,not_run,,,,,,,,,,,,,,,,,,,,,,,,,,,,,,
TOY__t,tests/benchmarks_f/TOY/t.v,65580cb4a769d403f1955b0e20dd0992cbabe70951d7e5b3c2965cfc34bde2f9,validated,graph_draw,221,567,not_run,820b917ce27cd850ae68940ce4bff2841230c02a56d7a89857f6eac2ecb58ca0,7c80041119b1f0212c5abfb20c0c593b4865ae11921357ae3e2fa38856a7647d,validated,84,372,46b066a1e0baad563f2791d99087e2a94081cc7f37ed561c86cc454f7401d9dd,652e6b84b55c5ff7c6894102d8141ae5001f349028d0bbb8060e462826803461,fail,890020a1755d6992435cd4fb0fa8604eddc7d761a634989d37f859284c682d92,passed,True,15,11,11,2,0,88,355,69,99c525544e6c9932d9824dd6d1ac86bfed1dd4ba6d3cfcad9328ef5cc1f7651a,8d93c922b7c5547259b53816b0360f42643a39ff4375061d83f090810247ed5a,exhaustive,32,32,8,128,65536,24960,df070a9b4894c23275415c3d18ab7b119c97fd164097204760db46ccb58cbd79,2cc8816f3bb01f88e94de7e99349cc4b8d54f77306e8a6cf7abc6cfc5b4e6039,False,unified-repaired-physical,irregular,88,355,69,99c525544e6c9932d9824dd6d1ac86bfed1dd4ba6d3cfcad9328ef5cc1f7651a,8d93c922b7c5547259b53816b0360f42643a39ff4375061d83f090810247ed5a,f0692080b48ff33816b5f69431062747b1889827cbc5d3859f675deb5405391e,df070a9b4894c23275415c3d18ab7b119c97fd164097204760db46ccb58cbd79,2cc8816f3bb01f88e94de7e99349cc4b8d54f77306e8a6cf7abc6cfc5b4e6039,passed,exhaustive,8,128,65536,TOY__t,2,-133,-212,120.0,130.0,320,not_run,,,,,,,,,,,,,,,,,,,,,,,,,,,,,,
TOY__xnor2,tests/benchmarks_f/TOY/xnor2.v,a3d96c67b447e43a703871aff932b89d9f08699b5b7e50d4360b9cf64c085464,validated,python_random_experimental,20,117,passed,b0a59863232b08bfa31ed7adb02da4158383aee771f2ad7a9ff06e0b09d4ed3c,b538f60b9c181fade67db977e309702829e18b57efaf4d79caf90a525417ba5b,validated,24,116,4bb377f7c4e0d1c764be4907cc1e34cb1ef30c931a1006d6960fac7eed02fbab,fe82936603516ff1175340911f585c96816aef809440a673a5b04314f9a6693d,pass,2720c8610f6c85391f798460338ca42a359eeda8c5ac7f3188e3add874f870a4,passed,True,27,22,22,1,0,24,116,23,2720c8610f6c85391f798460338ca42a359eeda8c5ac7f3188e3add874f870a4,fe82936603516ff1175340911f585c96816aef809440a673a5b04314f9a6693d,exhaustive,4,4,8,128,8192,1560,bf82c8cf9c9f71daa9e091a1406e9a602c622f967f19f1a5ea2bf13de15fee0b,2cc8816f3bb01f88e94de7e99349cc4b8d54f77306e8a6cf7abc6cfc5b4e6039,False,python-baseline,python_random_experimental_retired,20,117,24,b0a59863232b08bfa31ed7adb02da4158383aee771f2ad7a9ff06e0b09d4ed3c,b538f60b9c181fade67db977e309702829e18b57efaf4d79caf90a525417ba5b,8a140210adc6fca10ee0c03a853a99b710256559fbb04a413269e75a10ecaf92,c2068b01cf1eedd8bd5f1fb185c3c9a491f6c1e75d51e3c7b10f541385483fa2,1b24869cfe330450e2657f60128fc925c2de52fdb135e56c4767eddd185d9a33,passed,exhaustive,8,128,8192,TOY__xnor2,4,4,-1,120.0,130.0,320,passed,5595123563593be79d5682122a9c14bcf6d59ac0f6ec005a37bf24a918264ce2,3abf1ebe837cc61d663f704f50aabfed60f97bfb32796f6c5b451b43a3617bb7,ad96402d7951f70d6df4f5656c1ba6e7a4cbd0d884df20aebdff3f35d312aed4,2cc8816f3bb01f88e94de7e99349cc4b8d54f77306e8a6cf7abc6cfc5b4e6039,4394378987f096907a7a5178ef2dc750305ec9392aa2d5392cd88c7f75513c26,True,,,,,,,,,,,,,,,,,,,,,,,,
TOY__xnor2_source_generate__xnor2_source,tests/benchmarks_f/TOY/xnor2_source_generate/xnor2_source.v,897155e498555c724932efc3b18447f0820dab8887feda40908dc0fd5d22045a,validated,python_random_experimental,20,117,passed,b0a59863232b08bfa31ed7adb02da4158383aee771f2ad7a9ff06e0b09d4ed3c,b538f60b9c181fade67db977e309702829e18b57efaf4d79caf90a525417ba5b,validated,24,116,e9a3bd514c7a41b05c8fdc344490e03361eaa26af05af4c7b30e08ef2f3aefca,fe82936603516ff1175340911f585c96816aef809440a673a5b04314f9a6693d,not_tested,f8a45b467109efb91226ce6f946ab98555f3cf5ed79281dddf4c87eb6eac773c,passed,True,27,22,22,1,0,24,116,23,12490508193a7bc4d15b195b620388c7d3bc52bd7d28441daa5f9330927a0aba,bb2ff534fd0910cf02ddbcfe565b9e2c197c5e761aecd6813bcc3f80df1f46b5,exhaustive,4,4,8,128,8192,1560,bf82c8cf9c9f71daa9e091a1406e9a602c622f967f19f1a5ea2bf13de15fee0b,2cc8816f3bb01f88e94de7e99349cc4b8d54f77306e8a6cf7abc6cfc5b4e6039,False,python-baseline,python_random_experimental_retired,20,117,24,b0a59863232b08bfa31ed7adb02da4158383aee771f2ad7a9ff06e0b09d4ed3c,b538f60b9c181fade67db977e309702829e18b57efaf4d79caf90a525417ba5b,8a140210adc6fca10ee0c03a853a99b710256559fbb04a413269e75a10ecaf92,c2068b01cf1eedd8bd5f1fb185c3c9a491f6c1e75d51e3c7b10f541385483fa2,1b24869cfe330450e2657f60128fc925c2de52fdb135e56c4767eddd185d9a33,passed,exhaustive,8,128,8192,TOY__xnor2_source_generate__xnor2_source,4,4,-1,120.0,130.0,320,passed,efb92f4edf9d46c85f17805a55328e49a7455d4d6ada4923714749572b822f5d,3abf1ebe837cc61d663f704f50aabfed60f97bfb32796f6c5b451b43a3617bb7,ad96402d7951f70d6df4f5656c1ba6e7a4cbd0d884df20aebdff3f35d312aed4,2cc8816f3bb01f88e94de7e99349cc4b8d54f77306e8a6cf7abc6cfc5b4e6039,5a97bbe4839f755901d8c8b7dd84c00d357b01a7ef81d8c0c6c920d51f1bcefb,True,,,,,,,,,,,,,,,,,,,,,,,,
TOY__xor2,tests/benchmarks_f/TOY/xor2.v,a609d8a0cfc61fb3d9e0c5c545009994ee3ec795a533ac3786d8a523d3ed80bf,validated,graph_draw,12,80,not_run,a0b5568b46896392993332ad0b783f1c4fbf7afd97a8a55b3b6d6424a56bb42a,edae47f7ca1a939b61ad4fc5602c98e9848c7bbcc92306be01d166d4caad5446,validated,12,80,d89bd05bff68d46a508acba56bd870b8b67c4299f71c02aa4af010edba3f5b77,edae47f7ca1a939b61ad4fc5602c98e9848c7bbcc92306be01d166d4caad5446,pass,2fec35646e1787b8eb2c420bc5d65f78c85b190c4a84b41ea300820ceddfcf55,passed,True,33,26,26,1,1,12,80,14,2fec35646e1787b8eb2c420bc5d65f78c85b190c4a84b41ea300820ceddfcf55,edae47f7ca1a939b61ad4fc5602c98e9848c7bbcc92306be01d166d4caad5446,exhaustive,4,4,8,128,8192,1560,96c4b03d01a3267c5cd2fd95857678602badb25a67e908a26f2c54b89d6ebb23,2cc8816f3bb01f88e94de7e99349cc4b8d54f77306e8a6cf7abc6cfc5b4e6039,True,unified-optimized-physical,irregular,12,80,14,33a13b637638572a38242dd27c7a7bb3c33db2e9817bed8e1e598382a1e7a94a,edae47f7ca1a939b61ad4fc5602c98e9848c7bbcc92306be01d166d4caad5446,e67b5899a20a8470d4de31431d89686d9d6654410ab8bde451764457fffc8de9,96c4b03d01a3267c5cd2fd95857678602badb25a67e908a26f2c54b89d6ebb23,2cc8816f3bb01f88e94de7e99349cc4b8d54f77306e8a6cf7abc6cfc5b4e6039,not_run,exhaustive,8,128,8192,TOY__xor2,2,0,0,120.0,130.0,320,not_run,,,,,,,,,,,,,,,,,,,,,,,,,,,,,,
TOY__xor2_demo,tests/benchmarks_f/TOY/xor2_demo.v,32b26243fc74b77e30b9c28ff515ed13cdd62c1035fab1066f32671606f5da9e,validated,graph_draw,12,80,not_run,754745cc31f8754bc5702d4566067db0635c0b80d683bf303eeecdb43b35a388,6af6684a342fa5845845b5ddfc0b48f6a4d8e4baab79591819052d7070a72bbf,validated,12,80,df3b6d4349af962ee4ce38ff5ad23ca9530677a8303879470c6c74f08a418bc6,6af6684a342fa5845845b5ddfc0b48f6a4d8e4baab79591819052d7070a72bbf,pass,fae0055a0cfbefa724f8367afdefcfadb96a86a5f56dac622d1299bd68803f41,passed,True,33,26,26,1,1,12,80,14,fae0055a0cfbefa724f8367afdefcfadb96a86a5f56dac622d1299bd68803f41,6af6684a342fa5845845b5ddfc0b48f6a4d8e4baab79591819052d7070a72bbf,exhaustive,4,4,8,128,8192,1560,0852c645763ed8c2558e39e143ed48b5908a0718f053e3907c77b8dacc774be5,2cc8816f3bb01f88e94de7e99349cc4b8d54f77306e8a6cf7abc6cfc5b4e6039,True,unified-optimized-physical,irregular,12,80,14,09328d0ff377e84ec28212df55b3a94f4724830ddbf86e0071c41eea4c1e6379,6af6684a342fa5845845b5ddfc0b48f6a4d8e4baab79591819052d7070a72bbf,96317ab3d3cf49167abc09a2a9957599b88a357374ab22bd175fe787e15da043,0852c645763ed8c2558e39e143ed48b5908a0718f053e3907c77b8dacc774be5,2cc8816f3bb01f88e94de7e99349cc4b8d54f77306e8a6cf7abc6cfc5b4e6039,not_run,exhaustive,8,128,8192,TOY__xor2_demo,2,0,0,120.0,130.0,320,not_run,,,,,,,,,,,,,,,,,,,,,,,,,,,,,,
TOY__xor2_source_generate__xor2_source,tests/benchmarks_f/TOY/xor2_source_generate/xor2_source.v,4a4c0921bbb4cf4dc14917d591c1ef974bc0e0922a47906c7ff4676a47a4d4f0,validated,graph_draw,12,80,not_run,66a7927e22eaa55e29647e874edf8365e76cab8e0ef966213e40c62f9ed630b3,edae47f7ca1a939b61ad4fc5602c98e9848c7bbcc92306be01d166d4caad5446,validated,12,80,9659698526b789b2609ac65082f9aa0380e0b7d875d9a71586c97e6faca36a1f,edae47f7ca1a939b61ad4fc5602c98e9848c7bbcc92306be01d166d4caad5446,pass,7a8ec6cb39d218a81f9bd88fb4e6d4e103b2e1202609ce36b4aeb9a61f01a92c,passed,True,33,26,26,1,1,12,80,14,7a8ec6cb39d218a81f9bd88fb4e6d4e103b2e1202609ce36b4aeb9a61f01a92c,edae47f7ca1a939b61ad4fc5602c98e9848c7bbcc92306be01d166d4caad5446,exhaustive,4,4,8,128,8192,1560,96c4b03d01a3267c5cd2fd95857678602badb25a67e908a26f2c54b89d6ebb23,2cc8816f3bb01f88e94de7e99349cc4b8d54f77306e8a6cf7abc6cfc5b4e6039,True,unified-optimized-physical,irregular,12,80,14,818113c7bf83372c02b344bc952f8b6cb00811deed0a782dcbfa1ea7e6da17f4,edae47f7ca1a939b61ad4fc5602c98e9848c7bbcc92306be01d166d4caad5446,d02866001158a48f594c4ae2ab6cb97ae12407a5aa5a9db79bc92d6ede6eb844,96c4b03d01a3267c5cd2fd95857678602badb25a67e908a26f2c54b89d6ebb23,2cc8816f3bb01f88e94de7e99349cc4b8d54f77306e8a6cf7abc6cfc5b4e6039,not_run,exhaustive,8,128,8192,TOY__xor2_source_generate__xor2_source,2,0,0,120.0,130.0,320,not_run,,,,,,,,,,,,,,,,,,,,,,,,,,,,,,
TOY__xor5R,tests/benchmarks_f/TOY/xor5R.v,8139d222736c073dccf0a16e6f711dc05e3a3912e283f8a21c082a068b15661f,validated,june_random,1175,2090,not_run,28c6f48555dfb8a458c66a81b94a82f5dbb72bf4cfb6ce1e9571b7f96cda8e66,c7ab39f57e9c34fc7e64cf70c309e52b7957d0f90d92678b8291f41258a76712,validated,972,2318,83277f560104f548b78416ae1bf9dcfcefefbd0cac8d5f32d6bea5774cb5fe21,d0cf0b99d473d397d7391d625b9479ca4d537d0dc14b2ef7e909258d69e14b5b,fail,532daab4c43dd51e5802cd7e7c88cd1bc00c9bac01d0045046e8ec2c0b1131ef,no_pass_within_tested_prefix,False,8,3,3,3,1,,,,,,,,,,,,,,,,,,,,,,,,,,,,,,,,0,,,120.0,130.0,320,not_run,,,,,,,passed_exhaustive,TOY__xor5R,8139d222736c073dccf0a16e6f711dc05e3a3912e283f8a21c082a068b15661f,reflect_x,972,2318,532daab4c43dd51e5802cd7e7c88cd1bc00c9bac01d0045046e8ec2c0b1131ef,42cd30edbee05d66ede4193a5a2f5e59133f1b669ab2f6b2371a57ecdc0fd5a0,fb58dee589c9d9c27c737af8b93c127b8ed7bc8a33f0f3f567e7b52bd80fcbc0,96536b0cc7ae757c885b6ffdd9d966bd2fa2dd5556530de5a35e954c3135412e,exhaustive,32,32,12,128,98304,12480,399cd3a2dbe20e48068f7fd95d63decc47fddb86281fa2ddde2929817ffa31b6,ad96402d7951f70d6df4f5656c1ba6e7a4cbd0d884df20aebdff3f35d312aed4,2cc8816f3bb01f88e94de7e99349cc4b8d54f77306e8a6cf7abc6cfc5b4e6039,output/irregular-symmetry-toy/cases/TOY__xor5R/base_01/reflect_x/audit.json,9f6b72980bbf850c4ff3c4b3d80e37014645165091035305b15474d28b6e4dad,1,false
MAJ__1bitAdderAOIG,tests/benchmarks_f/MAJ/1bitAdderAOIG.v,a6d4f3c6597e11f51d2b03232e2c33ff473ecaf71f76500cd60b37cdc1aaf73d,no_valid_reference,,,,not_run,,,validated,108,507,ec36808b91cf6cab01cdfc7bf174faffa3380d8b881bd26276638143a6ee9456,50748a6b4bbd79dfd17ed7d46e02e23e0a0a05e67114bd15e50e7e4b172ca107,fail,a4d130d3a9224111c5b437def31da9f1d0000ac3ec2560a924e80a6ac61cb01f,passed,True,17,12,12,2,0,114,557,124,d135fb85198ec29d8bece47d4cc3837325341c806d7216d9b4bd08c668a9bdb5,b7392d62d27372fa922356f2099c254ea356f4757dd940fc3b227bdf61de457d,exhaustive,8,8,8,128,16384,6240,9c7223922995a6f95368f25c30b6081f9b281487f93830be79c60a93bb7b80ef,2cc8816f3bb01f88e94de7e99349cc4b8d54f77306e8a6cf7abc6cfc5b4e6039,False,unified-optimized-physical,irregular,102,459,108,734a8685a33b4bc8d6e63b8230ef63f4a9acc764206f87a45cb72d639e1a4724,8ff86eda29d7b86a4d10f2f6876ff2d61f9acccdccf505edd7339690c55789ea,9ec1bd6719ad74cc37690bb4fa5a1104d3cd8a17017f5300628fa0da612108cc,43656da203bf266f044893a12ffdb31d55a3b3e3d388f1d98c395a94264d3c9e,2cc8816f3bb01f88e94de7e99349cc4b8d54f77306e8a6cf7abc6cfc5b4e6039,passed,exhaustive,8,128,16384,MAJ__1bitAdderAOIG,2,,,120.0,130.0,320,passed,eceed8d3e88b872fd9f3f5266fa18d2310bc0b59724f2fd40d39256c2c2241a2,8ff86eda29d7b86a4d10f2f6876ff2d61f9acccdccf505edd7339690c55789ea,ad96402d7951f70d6df4f5656c1ba6e7a4cbd0d884df20aebdff3f35d312aed4,2cc8816f3bb01f88e94de7e99349cc4b8d54f77306e8a6cf7abc6cfc5b4e6039,24b432fcfd2a976f40f8c2d6f686f13e89b077791ab07ea94980c95bda2f5de9,True,,,,,,,,,,,,,,,,,,,,,,,,
MAJ__1bitAdderMaj,tests/benchmarks_f/MAJ/1bitAdderMaj.v,8f995112d35bcad1c01fe60e170337739452139dc75984b67ea44493a644fd17,validated,graph_draw,55,239,not_run,d43bbe78c4048df9c0c6d72e9d372fbf6bb3ca4ccfe0ca5763b2f0f7268df208,69bfa5a0b2ce8be6376688ea9dade7d46b75ec4a6367c5579a72643ecd6b2a4c,validated,15,64,a292b4b99279ecdc8ac104ead0ec671cdf113d05e61d4a5ca8ea7e1afc8e553b,3cf4fab0a77b936fa23709aea8abd054ffc20b5bba6e4f2b2b38dcee0807bdd6,pass,cf02a16b5047a70d5524eed5500dfa1fcbb41c08696915972ddff5a33ba3c24e,passed,True,26,21,21,1,1,15,64,12,cf02a16b5047a70d5524eed5500dfa1fcbb41c08696915972ddff5a33ba3c24e,3cf4fab0a77b936fa23709aea8abd054ffc20b5bba6e4f2b2b38dcee0807bdd6,exhaustive,8,8,8,128,16384,3120,624cc655da8e3c44d395a0be7be07bf7dd8c696458745ce4ce3dfc5b894355e4,2cc8816f3bb01f88e94de7e99349cc4b8d54f77306e8a6cf7abc6cfc5b4e6039,True,unified-optimized-physical,irregular,15,64,12,74ac223e4e2cb3cf22cf97d9773e33a629ad3410e84438932627bc0aaf877ba6,3cf4fab0a77b936fa23709aea8abd054ffc20b5bba6e4f2b2b38dcee0807bdd6,da33433117df0fa9c08464f16d4b8575d7f89c98a62ae1ecffbe61f095725e78,624cc655da8e3c44d395a0be7be07bf7dd8c696458745ce4ce3dfc5b894355e4,2cc8816f3bb01f88e94de7e99349cc4b8d54f77306e8a6cf7abc6cfc5b4e6039,not_run,exhaustive,8,128,16384,MAJ__1bitAdderMaj,2,-40,-175,120.0,130.0,320,not_run,,,,,,,,,,,,,,,,,,,,,,,,,,,,,,
MAJ__1bitAdderMaj_source_generate__1bitAdderMaj_source,tests/benchmarks_f/MAJ/1bitAdderMaj_source_generate/1bitAdderMaj_source.v,8f995112d35bcad1c01fe60e170337739452139dc75984b67ea44493a644fd17,validated,graph_draw,55,239,not_run,9eeff451cd671a6a17b12696c6e935fd3ed8535696087117a55475547e8b3c36,69bfa5a0b2ce8be6376688ea9dade7d46b75ec4a6367c5579a72643ecd6b2a4c,validated,15,64,ed120edd5b540cd745d17970aa85cdd793fa40e958d5336b8c6f45487dc788b9,3cf4fab0a77b936fa23709aea8abd054ffc20b5bba6e4f2b2b38dcee0807bdd6,pass,c121bb0cb8de332b188b9eeb9a2a4ffdeaefcbbc5760cde70a3be39b28a83521,passed,True,26,21,21,1,1,15,64,12,c121bb0cb8de332b188b9eeb9a2a4ffdeaefcbbc5760cde70a3be39b28a83521,3cf4fab0a77b936fa23709aea8abd054ffc20b5bba6e4f2b2b38dcee0807bdd6,exhaustive,8,8,8,128,16384,3120,624cc655da8e3c44d395a0be7be07bf7dd8c696458745ce4ce3dfc5b894355e4,2cc8816f3bb01f88e94de7e99349cc4b8d54f77306e8a6cf7abc6cfc5b4e6039,True,unified-optimized-physical,irregular,15,64,12,74ac223e4e2cb3cf22cf97d9773e33a629ad3410e84438932627bc0aaf877ba6,3cf4fab0a77b936fa23709aea8abd054ffc20b5bba6e4f2b2b38dcee0807bdd6,da33433117df0fa9c08464f16d4b8575d7f89c98a62ae1ecffbe61f095725e78,624cc655da8e3c44d395a0be7be07bf7dd8c696458745ce4ce3dfc5b894355e4,2cc8816f3bb01f88e94de7e99349cc4b8d54f77306e8a6cf7abc6cfc5b4e6039,not_run,exhaustive,8,128,16384,MAJ__1bitAdderMaj,2,-40,-175,120.0,130.0,320,not_run,,,,,,,,,,,,,,,,,,,,,,,,,,,,,,
MAJ__RCA2,tests/benchmarks_f/MAJ/RCA2.v,e1f17beefdf044a3e871e22fe5c7d69c53c062b89159ea02691afce2a0ce7a1c,no_valid_reference,,,,not_run,,,validated,748,1725,c98fec9e86ed06cb435b600baa5bcb23aaa441aace3b542aa28febb117698c44,1b55ea3b5fa32e0bea716a53dadbbbfdd3e0fa2dcbcb043eaa856b8025fe771c,fail,523ad200f8b22252a27e793109a4b93f9eacc41100a24f608f192f15f6b3a75e,passed,True,4,4,4,2,1,782,1775,374,822dff4b621c4ce623821a60c6d36b7fc9a409d8cc3576bd957f9bbde7bed877,37a1ed2dfe48c67aa84cd43af96d19b62eb3491623e5a9751eafa4d8a38c0327,exhaustive,32,32,11,128,90112,37440,63ca1ed1d20efe146116b02c29fb5900b8b880b022ccc8ea2add09bee08d267d,1b24869cfe330450e2657f60128fc925c2de52fdb135e56c4767eddd185d9a33,True,unified-physical,irregular,782,1775,374,23210fd92e4fab5f0ce55d69cf96612e5014f669f27e61a6b10fe4f085ed143e,37a1ed2dfe48c67aa84cd43af96d19b62eb3491623e5a9751eafa4d8a38c0327,502025e83519906d54fe9c66b43a3aae863261d823bf0cdc90b01a10149cbc91,63ca1ed1d20efe146116b02c29fb5900b8b880b022ccc8ea2add09bee08d267d,1b24869cfe330450e2657f60128fc925c2de52fdb135e56c4767eddd185d9a33,not_run,exhaustive,11,128,90112,MAJ__RCA2,1,,,120.0,130.0,320,not_run,,,,,,,,,,,,,,,,,,,,,,,,,,,,,,
MAJ__clpl,tests/benchmarks_f/MAJ/clpl.v,413a6667f25ac44437f4e8417a2613f7f982fbdc048c234a610e8e2789280f10,validated,june_random,1176,2484,not_run,5e8ff82df8549948606fad19104756da6400e471f2929e050a2cabdd5292d29f,74b3cb4ea791f97d4551d4b601047b14d7a41321507edca7e28acd85a06780db,validated,176,607,db2944fc316b8e8b7f0d0b8fc4a3e739fb4475aeb94d1b1f873c0a21431e09a2,8384e9eb3a83003dc6ef1df20e5c0ed6c28d3e9b943449b4aba1838a206454a0,pass,7ea93c737c7f20290388a03795683cbb876de1cbcd141144997f84fc2d1e2f42,passed,True,9,8,8,1,0,176,607,130,7ea93c737c7f20290388a03795683cbb876de1cbcd141144997f84fc2d1e2f42,8384e9eb3a83003dc6ef1df20e5c0ed6c28d3e9b943449b4aba1838a206454a0,sampled,32,2048,8,128,65536,62400,b3e1abf9f75b1299a8e0ece6199e42b72767701c171aeb040f26a174787e4e17,2cc8816f3bb01f88e94de7e99349cc4b8d54f77306e8a6cf7abc6cfc5b4e6039,False,unified-repaired-physical,irregular,176,607,130,7ea93c737c7f20290388a03795683cbb876de1cbcd141144997f84fc2d1e2f42,8384e9eb3a83003dc6ef1df20e5c0ed6c28d3e9b943449b4aba1838a206454a0,395c0e67b7895e5c4e9916d2052ef3f05cf53cd9a796f467015b224fbee3d0f1,b3e1abf9f75b1299a8e0ece6199e42b72767701c171aeb040f26a174787e4e17,2cc8816f3bb01f88e94de7e99349cc4b8d54f77306e8a6cf7abc6cfc5b4e6039,passed,sampled,8,128,65536,MAJ__clpl,3,-1000,-1877,120.0,130.0,320,not_run,,,,,,,,,,,,,,,,,,,,,,,,,,,,,,
MAJ__mux41,tests/benchmarks_f/MAJ/mux41.v,2da05a54681583edbf4ed79a2d782b1feaa92e48256afaeb9a1af1ae356f4363,no_valid_reference,,,,not_run,,,validated,464,1062,4b59af246ea811f83ce1127a9f756fe7986d7ef4bd3bf5436d7f14e785259665,0965085615566eada4927e80a611df3f47fa8ef56a1e32158c5957adc21ce328,fail,4d73f9d5b04766f7f379977bc53c7d1380774a20f975159a0281556c88b1d1d9,no_pass_within_tested_prefix,False,5,2,2,2,1,,,,,,,,,,,,,,,,,,,,,,,,,,,,,,,,0,,,120.0,130.0,320,not_run,,,,,,,no_pass_in_finite_D4_set,MAJ__mux41,2da05a54681583edbf4ed79a2d782b1feaa92e48256afaeb9a1af1ae356f4363,,,,,,,,,,,,,,,,,,output/irregular-symmetry-maj/MAJ__mux41/selection.json,37b5d6a7121dfdb6a7d9bab7cd1ecda287240088569f1e9ce443b8b173373621,14,false
MAJ__newtag,tests/benchmarks_f/MAJ/newtag.v,613a90023cfe8bb4e1f0e25170a12def7f3e5ec9bd1cae4035d085e9ad37ddea,validated,june_random,1035,1503,not_run,7cf2358eebab7a040ca4a6debd39d2881e03dfd841ef467a33ef7d5a73aa5036,a0c0e2c3b52757f9e02f2a235c662b79edd309106ea95f970bce5f41e55887cf,validated,128,518,582a09ae7b7cafa3d019982f6a7ed4ada6b92820f527e57b4731dfedc928f464,76a5c80f51788390b917f40d699530b99763312d29096c814350302b4927132d,fail,8754a6fd3fec23c2278ba263250053bdd9e77fa1a63ba5952892ffc87300ec80,passed,True,15,13,13,2,0,130,403,77,d6014da2d8d098bce8945189b9435c7fa5aba8e0e3182651470ee6999ed3787e,abc05dfdbac33e6cad21ec91f41741b45217152029d48f2468e383337ece4525,sampled,32,256,8,128,65536,12480,fd2d38e6e7069512df452ac232147f77a85b32896ff4632d2aeef1fbca7f7e77,2cc8816f3bb01f88e94de7e99349cc4b8d54f77306e8a6cf7abc6cfc5b4e6039,False,unified-repaired-physical,irregular,130,403,77,d6014da2d8d098bce8945189b9435c7fa5aba8e0e3182651470ee6999ed3787e,abc05dfdbac33e6cad21ec91f41741b45217152029d48f2468e383337ece4525,0d86859d79eb5d727dce675b0bb75964437fe8b7aa33e853b4e0bac6a8b75511,fd2d38e6e7069512df452ac232147f77a85b32896ff4632d2aeef1fbca7f7e77,2cc8816f3bb01f88e94de7e99349cc4b8d54f77306e8a6cf7abc6cfc5b4e6039,passed,sampled,8,128,65536,MAJ__newtag,3,-905,-1100,120.0,130.0,320,not_run,,,,,,,,,,,,,,,,,,,,,,,,,,,,,,
MAJ__par_check,tests/benchmarks_f/MAJ/par_check.v,e1b4dac91a022b87540a04d1297b1f5decea86b55ea0e44fbabc46b8ede18bb1,no_valid_reference,,,,not_run,,,validated,133,551,8cd0a39a19eb9eea5537a22e9a92741ec475c3a6f3bbf589b6f52d918594357f,c326e1947137496d0e38bf600552bdccd3e2918fe2250857f9b7b220c9e5f6c7,fail,0125e0dc0fe49b018cf45a7a3eb3a977077e6846876fa9787ad53cebcff72030,no_pass_within_tested_prefix,False,7,4,4,4,1,,,,,,,,,,,,,,,,,,,,,,,,,,,,,,,,0,,,120.0,130.0,320,not_run,,,,,,,passed_exhaustive,MAJ__par_check,e1b4dac91a022b87540a04d1297b1f5decea86b55ea0e44fbabc46b8ede18bb1,rotate180,180,681,aa70e8e27d20327c33d9c8ce1d239315c12895f6654e28868cf24ea81383f684,1e31b97dbf3d83e63922c3ccd5a4ab77aa6dfa15fc196f4c5b4a1da8a146cc1f,e5ff48b6736eaeee703f106fbc308d8f808efe054cf26ab284ece6be5282eaf3,90cbacbc3808b3d057ce893cbe2b2906954f6c029bf77adc3fa612f2133a73ae,exhaustive,16,16,8,128,32768,6240,5cf42d2c5da3f63d2a8f0033f77344052fbfb7575ae1ab545821283d7be81c66,ad96402d7951f70d6df4f5656c1ba6e7a4cbd0d884df20aebdff3f35d312aed4,2cc8816f3bb01f88e94de7e99349cc4b8d54f77306e8a6cf7abc6cfc5b4e6039,output/irregular-symmetry-maj/MAJ__par_check/base_000002__rotate180/audit.json,de27a99e2df77d71566e1ebafebb0603320c35c3df2bef790649cc6680a3b91e,7,false
MAJ__par_gen,tests/benchmarks_f/MAJ/par_gen.v,c89d153622f389fe370e43f7a0bc68ade61cb2ad7d5b4faa5925d1931e71ac01,validated,june_random,855,1726,not_run,a42f35abce25f2b6af3653ec39d3f61ca2141d4b824401ae4f44e841b032ecb6,52447834da2d0ed26cfca23b204e044ac635c31167c104e72bd70214cd94bf53,validated,55,270,704109fca38504cba036a3a9071446245296e715baeb42060f354e048510526e,0d1d0e976d3b03066562bdafb0eaf1ae823808d78517a6b5f8ee66525ed42a38,pass,2205abe4fff88764c114c24e98a86eb9ecb4df70f071614ca9f10e08e0330e51,passed,True,16,12,12,1,1,55,270,62,2205abe4fff88764c114c24e98a86eb9ecb4df70f071614ca9f10e08e0330e51,0d1d0e976d3b03066562bdafb0eaf1ae823808d78517a6b5f8ee66525ed42a38,exhaustive,8,8,8,128,16384,3120,2c90d73c8203a312dad281a89c3530f6f98c9e0b09053d4c2491f3bbbe4e2395,1b24869cfe330450e2657f60128fc925c2de52fdb135e56c4767eddd185d9a33,True,unified-optimized-physical,irregular,55,270,62,d3fe305d6e6c2fd3cb7c60c043bccd62084a2db865dadfef3894b875d432a88a,0d1d0e976d3b03066562bdafb0eaf1ae823808d78517a6b5f8ee66525ed42a38,e66a6f1f9ed8955f83d02f4d831da919b381b3e608ffc4b8b36681267be8c88a,2c90d73c8203a312dad281a89c3530f6f98c9e0b09053d4c2491f3bbbe4e2395,1b24869cfe330450e2657f60128fc925c2de52fdb135e56c4767eddd185d9a33,not_run,exhaustive,8,128,16384,MAJ__par_gen,1,-800,-1456,120.0,130.0,320,not_run,,,,,,,,,,,,,,,,,,,,,,,,,,,,,,
MAJ__t,tests/benchmarks_f/MAJ/t.v,08ec0c9ef76813cd5805a7a04ca9196453f8d72795f92319cd9f132d63274c53,validated,graph_draw,180,711,not_run,36f7723b97ba1dfe04a8140fe2d6fa672990ffaa297a8f275e53c6f1097667ed,5d64abeaa39e82d43a279b212cfbf14afa135c73d4bc83209e470a120b7fc2c7,validated,63,254,aeba97b71a471581b3deed5904362a9a5d68c0dbc28cbe4c7c8b33dbdffb6e8f,6c294c8714b1204634699f883454c28371509ba6080c8f0ac3f2afbdb952193b,pass,4a2f91d532491bd8cb4e92b48e794eb64678e2861db905af93da940e0b0e3508,passed,True,15,11,11,1,0,63,254,50,4a2f91d532491bd8cb4e92b48e794eb64678e2861db905af93da940e0b0e3508,6c294c8714b1204634699f883454c28371509ba6080c8f0ac3f2afbdb952193b,exhaustive,32,32,8,128,65536,24960,e8163b15e50cc4d2f0092368713ff754c5c1d54b18349369c837406b126a9b4b,2cc8816f3bb01f88e94de7e99349cc4b8d54f77306e8a6cf7abc6cfc5b4e6039,False,unified-repaired-physical,irregular,63,254,50,4a2f91d532491bd8cb4e92b48e794eb64678e2861db905af93da940e0b0e3508,6c294c8714b1204634699f883454c28371509ba6080c8f0ac3f2afbdb952193b,738bbce1690602014768f549bc5aebf67520b7b6b86c210ac4389e1576c99931,e8163b15e50cc4d2f0092368713ff754c5c1d54b18349369c837406b126a9b4b,2cc8816f3bb01f88e94de7e99349cc4b8d54f77306e8a6cf7abc6cfc5b4e6039,passed,exhaustive,8,128,65536,MAJ__t,2,-117,-457,120.0,130.0,320,not_run,,,,,,,,,,,,,,,,,,,,,,,,,,,,,,
MAJ__xnor2,tests/benchmarks_f/MAJ/xnor2.v,a9fd924a6073e23a803fe64c98e77618ec36250e9101d4185f8d632e25307ecb,validated,graph_draw,140,542,not_run,39ddf03a8222e5edcda143db8bb98e2650e989dd13bbc9b4c115fc7394e56f9c,90f12e8427fb3bb88ae9dd076d729ed9508531038a599c46942290a0cdb14725,validated,28,125,f3bfdfb3cba7c4d7baa620ce5d2d7c19fddd1b284c242e46ffcb284e3d783044,a6e27f8d181d5a421f722eb9db2645b699a77b06d171fb7090de67343916499d,pass,e850372d7ac5de2d2a48c184b36af7c9ad0694476ab7d572ba4619cc095207ab,passed,True,20,15,15,1,0,28,125,23,e850372d7ac5de2d2a48c184b36af7c9ad0694476ab7d572ba4619cc095207ab,a6e27f8d181d5a421f722eb9db2645b699a77b06d171fb7090de67343916499d,exhaustive,4,4,8,128,8192,1560,1c6fc387233c36b32d81ea65d7a316720c037ab8213e6e57e2bd37f242ed53cc,2cc8816f3bb01f88e94de7e99349cc4b8d54f77306e8a6cf7abc6cfc5b4e6039,False,unified-repaired-physical,irregular,28,125,23,e850372d7ac5de2d2a48c184b36af7c9ad0694476ab7d572ba4619cc095207ab,a6e27f8d181d5a421f722eb9db2645b699a77b06d171fb7090de67343916499d,16aab04587d077835e2265b13f683a217b62e57489fd6a1ddf7d9a78c7c578e3,1c6fc387233c36b32d81ea65d7a316720c037ab8213e6e57e2bd37f242ed53cc,2cc8816f3bb01f88e94de7e99349cc4b8d54f77306e8a6cf7abc6cfc5b4e6039,passed,exhaustive,8,128,8192,MAJ__xnor2,2,-112,-417,120.0,130.0,320,not_run,,,,,,,,,,,,,,,,,,,,,,,,,,,,,,
MAJ__xor2,tests/benchmarks_f/MAJ/xor2.v,9e9945ea2d76036ecd3f60c9103b50e16e06ac85785348da517f2c18b694b15e,validated,june_random,319,673,not_run,1261ec8a4977cc0cac6f26dbd58e435f624f2c0ec378be1543415a9e8d1c80bc,060f8135d406dc1754cf4af9a186bfd018da33c74e1e1b49b43d67e79c579213,validated,28,121,96635caee350177c1cec979fe7333ff5e3a45a211dffa9d26e442d67593f70e7,f76c1dae5e1b545d978c5727f448e4501e0424582dad5e1c19e1435d21ae5dcf,pass,b4b0423c6065b9b8f54727a2b530d329b8952ae51c60d455bfcf28a99d6e5faa,passed,True,20,15,15,1,0,28,121,23,b4b0423c6065b9b8f54727a2b530d329b8952ae51c60d455bfcf28a99d6e5faa,f76c1dae5e1b545d978c5727f448e4501e0424582dad5e1c19e1435d21ae5dcf,exhaustive,4,4,8,128,8192,1560,1c6fc387233c36b32d81ea65d7a316720c037ab8213e6e57e2bd37f242ed53cc,2cc8816f3bb01f88e94de7e99349cc4b8d54f77306e8a6cf7abc6cfc5b4e6039,False,unified-repaired-physical,irregular,28,121,23,b4b0423c6065b9b8f54727a2b530d329b8952ae51c60d455bfcf28a99d6e5faa,f76c1dae5e1b545d978c5727f448e4501e0424582dad5e1c19e1435d21ae5dcf,9947f838e890763484f55fbd30aa2a0a1fc27e2a4ab96288bedb63a7579955e3,1c6fc387233c36b32d81ea65d7a316720c037ab8213e6e57e2bd37f242ed53cc,2cc8816f3bb01f88e94de7e99349cc4b8d54f77306e8a6cf7abc6cfc5b4e6039,passed,exhaustive,8,128,8192,MAJ__xor2,2,-291,-552,120.0,130.0,320,not_run,,,,,,,,,,,,,,,,,,,,,,,,,,,,,,
MAJ__xor5R,tests/benchmarks_f/MAJ/xor5R.v,5d1e7605d525f22691e8b0227757f8ca91a1c5fc15a58a30a463e3e8a9a48eb1,no_valid_reference,,,,not_run,,,validated,324,1104,c8e85d7c75e85f95f17517996fe8f06ee786c2dc8e95229b0fea823e280fe666,c756656c464e138db78408046e90cd89665fcc94d06fe22a61f9daf005f0397b,fail,b1a3a85b69ddc55dfa036aae84d2f4d2e98921839d79eb2e3a46f62d56a109af,passed,True,8,5,5,2,0,369,1250,305,3847582473fb7fb9f8bca5b3f8146a4e879030a4d88b14d2d9083e123993715b,4ea6742e4f5b0442f9c982bd928d89ccc04e17448804d2b9da2dc243c0e81c1f,exhaustive,32,32,10,128,81920,12480,f9a938565734340c239aa3221a6bc36613c7e792eb0f69b8a2c99f5b3df6f5b8,2cc8816f3bb01f88e94de7e99349cc4b8d54f77306e8a6cf7abc6cfc5b4e6039,False,unified-optimized-physical,irregular,261,961,248,11a7cb51a83da3741ab346ec5b5613c3705c4840cea7ee68873e5b9269e96164,b0ca64c36d8bde7c2cdfd9ce02db9c0edfadb2a4e57b6720f4aa88d55d5f3c62,0683478479577ae07caddb4f4ddc27856026da4be0ebf77eaef50a6e2d86b1b6,39cd53b520a6461e8046627ad8a831274a9e939631bcc5668202c33065323e74,2cc8816f3bb01f88e94de7e99349cc4b8d54f77306e8a6cf7abc6cfc5b4e6039,passed,exhaustive,9,128,73728,MAJ__xor5R,2,,,120.0,130.0,320,passed,577c7fd0d8bf9502f39bc11e602728463a1df7ed16fe6991296cfff15bc4b2ec,b0ca64c36d8bde7c2cdfd9ce02db9c0edfadb2a4e57b6720f4aa88d55d5f3c62,ad96402d7951f70d6df4f5656c1ba6e7a4cbd0d884df20aebdff3f35d312aed4,2cc8816f3bb01f88e94de7e99349cc4b8d54f77306e8a6cf7abc6cfc5b4e6039,c4b0bcead6c99cb854a63067ba3cfb9fea23f1c90888b668e2ed7f75be4005ab,True,,,,,,,,,,,,,,,,,,,,,,,,
MAJ__xor5_r1,tests/benchmarks_f/MAJ/xor5_r1.v,5d1e7605d525f22691e8b0227757f8ca91a1c5fc15a58a30a463e3e8a9a48eb1,no_valid_reference,,,,not_run,,,validated,324,1104,beb335ff0aa75f661ac7e99bbc5f5752c35815a3d03d2c7b4089908fab8cb335,c756656c464e138db78408046e90cd89665fcc94d06fe22a61f9daf005f0397b,fail,5ea6218188230e6d646c2b091e30dde9a6ec0265774a15e66aaf1af525521ba7,passed,True,8,5,5,2,0,369,1250,305,375b6fdd8a8acdac8146d544aee9c48667e5fbbca3b73ecb153ff0e025147d04,4ea6742e4f5b0442f9c982bd928d89ccc04e17448804d2b9da2dc243c0e81c1f,exhaustive,32,32,10,128,81920,12480,f9a938565734340c239aa3221a6bc36613c7e792eb0f69b8a2c99f5b3df6f5b8,2cc8816f3bb01f88e94de7e99349cc4b8d54f77306e8a6cf7abc6cfc5b4e6039,False,unified-optimized-physical,irregular,261,961,248,11a7cb51a83da3741ab346ec5b5613c3705c4840cea7ee68873e5b9269e96164,b0ca64c36d8bde7c2cdfd9ce02db9c0edfadb2a4e57b6720f4aa88d55d5f3c62,0683478479577ae07caddb4f4ddc27856026da4be0ebf77eaef50a6e2d86b1b6,39cd53b520a6461e8046627ad8a831274a9e939631bcc5668202c33065323e74,2cc8816f3bb01f88e94de7e99349cc4b8d54f77306e8a6cf7abc6cfc5b4e6039,passed,exhaustive,9,128,73728,MAJ__xor5R,2,,,120.0,130.0,320,passed,577c7fd0d8bf9502f39bc11e602728463a1df7ed16fe6991296cfff15bc4b2ec,b0ca64c36d8bde7c2cdfd9ce02db9c0edfadb2a4e57b6720f4aa88d55d5f3c62,ad96402d7951f70d6df4f5656c1ba6e7a4cbd0d884df20aebdff3f35d312aed4,2cc8816f3bb01f88e94de7e99349cc4b8d54f77306e8a6cf7abc6cfc5b4e6039,e6db18116f84f17da89b78a5fb047bd0549ca94ff7f60ee6736e7eceaa875667,True,,,,,,,,,,,,,,,,,,,,,,,,
